aalo,285
aalo,289
aalo,485
aalo,489
acct,200
acct,209
acct,210
acct,229
acct,230
acct,315
acct,316
acct,321
acct,322
acct,327
acct,328
acct,329
acct,403
acct,405
acct,407
acct,408
acct,410
acct,421
acct,426
acct,427
acct,430
acct,445
acct,447
acct,450
acct,484
acct,485
acct,489
acct,491
acct,601
acct,602
acct,603
acct,604
acct,605
acct,607
acct,608
acct,610
acct,611
acct,612
acct,615
acct,620
acct,621
acct,622
acct,624
acct,625
acct,628
acct,629
acct,640
acct,644
acct,646
acct,647
acct,648
acct,650
acct,651
acct,659
acct,660
acct,665
acct,671
acct,680
acct,684
acct,685
acct,688
acct,689
acct,691
acct,705
acct,710
addt,800
aegd,600
aegd,601
aegd,602
aegd,603
aegd,604
aegd,605
aegd,606
aegd,607
aegd,608
aegd,609
aegd,610
aegd,611
aegd,612
aegd,613
aegd,614
aegd,615
aegd,616
aegd,617
aegd,618
aegd,619
aegd,620
aegd,621
aegd,622
aegd,623
aegd,624
aegd,625
aegd,626
aegd,689
aegd,691
aero,201
aero,202
aero,210
aero,211
aero,212
aero,214
aero,222
aero,285
aero,289
aero,291
aero,299
aero,301
aero,303
aero,304
aero,306
aero,307
aero,310
aero,321
aero,351
aero,401
aero,402
aero,404
aero,405
aero,411
aero,413
aero,414
aero,415
aero,417
aero,419
aero,420
aero,422
aero,423
aero,424
aero,425
aero,426
aero,428
aero,430
aero,435
aero,440
aero,445
aero,451
aero,452
aero,455
aero,472
aero,481
aero,485
aero,489
aero,491
aero,601
aero,602
aero,603
aero,604
aero,605
aero,606
aero,607
aero,608
aero,612
aero,614
aero,615
aero,617
aero,618
aero,622
aero,623
aero,624
aero,625
aero,626
aero,628
aero,629
aero,630
aero,632
aero,633
aero,640
aero,641
aero,642
aero,643
aero,645
aero,649
aero,650
aero,651
aero,655
aero,660
aero,661
aero,666
aero,670
aero,672
aero,673
aero,674
aero,676
aero,681
aero,684
aero,685
aero,689
aero,691
aers,101
aers,102
aers,105
aers,106
aers,201
aers,202
aers,303
aers,304
aers,403
aers,404
aers,485
afst,201
afst,204
afst,205
afst,206
afst,209
afst,252
afst,261
afst,285
afst,289
afst,291
afst,300
afst,301
afst,302
afst,303
afst,317
afst,323
afst,324
afst,325
afst,326
afst,327
afst,329
afst,338
afst,339
afst,344
afst,345
afst,346
afst,352
afst,353
afst,357
afst,362
afst,377
afst,379
afst,391
afst,393
afst,398
afst,401
afst,422
afst,425
afst,481
afst,484
afst,485
afst,489
afst,491
afst,601
afst,651
afst,652
afst,685
afst,689
afst,691
agcj,105
agcj,281
agcj,285
agcj,289
agcj,291
agcj,306
agcj,307
agcj,308
agcj,311
agcj,312
agcj,313
agcj,314
agcj,366
agcj,404
agcj,405
agcj,406
agcj,408
agcj,410
agcj,411
agcj,413
agcj,466
agcj,481
agcj,485
agcj,489
agcj,491
agcj,494
agec,101
agec,105
agec,117
agec,216
agec,217
agec,223
agec,285
agec,289
agec,291
agec,314
agec,315
agec,316
agec,317
agec,324
agec,325
agec,330
agec,340
agec,344
agec,350
agec,401
agec,402
agec,408
agec,413
agec,414
agec,415
agec,416
agec,420
agec,422
agec,423
agec,424
agec,425
agec,429
agec,430
agec,431
agec,432
agec,434
agec,440
agec,447
agec,448
agec,452
agec,453
agec,460
agec,481
agec,484
agec,485
agec,489
agec,491
agec,495
agec,601
agec,603
agec,604
agec,605
agec,606
agec,607
agec,608
agec,613
agec,614
agec,619
agec,620
agec,621
agec,622
agec,625
agec,629
agec,630
agec,634
agec,636
agec,638
agec,639
agec,641
agec,642
agec,643
agec,652
agec,659
agec,661
agec,662
agec,671
agec,672
agec,673
agec,676
agec,677
agec,681
agec,684
agec,685
agec,689
agec,691
agec,693
agec,695
agls,101
agls,105
agls,125
agls,225
agls,235
agls,289
agls,292
agls,301
agls,335
agls,392
agls,435
agls,436
agls,437
agls,438
agls,439
agls,441
agls,489
agls,492
agls,600
agls,689
agsc,285
agsc,289
agsc,291
agsc,302
agsc,305
agsc,363
agsc,373
agsc,380
agsc,383
agsc,402
agsc,405
agsc,425
agsc,436
agsc,481
agsc,484
agsc,485
agsc,489
agsc,491
agsm,105
agsm,125
agsm,201
agsm,284
agsm,285
agsm,289
agsm,291
agsm,301
agsm,310
agsm,315
agsm,325
agsm,335
agsm,337
agsm,360
agsm,403
agsm,417
agsm,435
agsm,439
agsm,440
agsm,461
agsm,470
agsm,473
agsm,477
agsm,481
agsm,484
agsm,485
agsm,489
agsm,491
alec,201
alec,285
alec,289
alec,291
alec,350
alec,370
alec,371
alec,372
alec,375
alec,377
alec,380
alec,399
alec,412
alec,425
alec,450
alec,460
alec,472
alec,473
alec,478
alec,485
alec,489
alec,491
alec,494
alec,601
alec,602
alec,603
alec,604
alec,605
alec,606
alec,607
alec,608
alec,609
alec,610
alec,611
alec,612
alec,613
alec,615
alec,616
alec,617
alec,618
alec,620
alec,622
alec,623
alec,624
alec,625
alec,630
alec,631
alec,640
alec,644
alec,645
alec,646
alec,652
alec,670
alec,671
alec,673
alec,674
alec,677
alec,681
alec,684
alec,685
alec,689
alec,690
alec,691
alec,692
alec,693
alec,695
alec,696
aled,125
aled,202
aled,225
aled,285
aled,289
aled,291
aled,301
aled,313
aled,322
aled,323
aled,324
aled,339
aled,340
aled,341
aled,344
aled,380
aled,400
aled,401
aled,422
aled,424
aled,426
aled,440
aled,441
aled,481
aled,485
aled,489
aled,491
aled,494
anly,601
anly,605
anly,608
anly,610
anly,615
anly,620
anly,626
anly,630
anly,656
ansc,101
ansc,107
ansc,108
ansc,111
ansc,113
ansc,117
ansc,201
ansc,205
ansc,207
ansc,210
ansc,211
ansc,215
ansc,221
ansc,230
ansc,242
ansc,289
ansc,291
ansc,302
ansc,303
ansc,305
ansc,307
ansc,309
ansc,311
ansc,312
ansc,314
ansc,315
ansc,316
ansc,317
ansc,318
ansc,320
ansc,325
ansc,326
ansc,327
ansc,333
ansc,334
ansc,337
ansc,360
ansc,380
ansc,399
ansc,402
ansc,404
ansc,406
ansc,408
ansc,411
ansc,412
ansc,414
ansc,415
ansc,418
ansc,419
ansc,420
ansc,423
ansc,429
ansc,434
ansc,436
ansc,437
ansc,439
ansc,447
ansc,451
ansc,457
ansc,467
ansc,470
ansc,481
ansc,484
ansc,485
ansc,487
ansc,489
ansc,491
ansc,494
ansc,495
ansc,498
ansc,601
ansc,602
ansc,604
ansc,605
ansc,607
ansc,608
ansc,609
ansc,611
ansc,612
ansc,613
ansc,614
ansc,615
ansc,616
ansc,618
ansc,619
ansc,621
ansc,622
ansc,623
ansc,624
ansc,626
ansc,627
ansc,628
ansc,629
ansc,630
ansc,631
ansc,633
ansc,636
ansc,637
ansc,638
ansc,639
ansc,641
ansc,642
ansc,647
ansc,651
ansc,652
ansc,657
ansc,660
ansc,667
ansc,670
ansc,680
ansc,681
ansc,684
ansc,685
ansc,687
ansc,689
ansc,691
ansc,697
anth,201
anth,202
anth,204
anth,205
anth,210
anth,222
anth,225
anth,226
anth,229
anth,285
anth,289
anth,291
anth,300
anth,301
anth,302
anth,304
anth,305
anth,308
anth,312
anth,313
anth,316
anth,317
anth,318
anth,323
anth,324
anth,330
anth,335
anth,340
anth,350
anth,351
anth,353
anth,354
anth,360
anth,370
anth,401
anth,402
anth,403
anth,404
anth,405
anth,409
anth,410
anth,412
anth,415
anth,417
anth,418
anth,419
anth,421
anth,423
anth,424
anth,425
anth,426
anth,427
anth,430
anth,434
anth,435
anth,436
anth,437
anth,440
anth,444
anth,445
anth,446
anth,447
anth,448
anth,458
anth,461
anth,484
anth,485
anth,489
anth,491
anth,601
anth,602
anth,603
anth,604
anth,605
anth,606
anth,607
anth,608
anth,609
anth,610
anth,611
anth,612
anth,613
anth,615
anth,616
anth,617
anth,618
anth,619
anth,620
anth,622
anth,623
anth,624
anth,625
anth,626
anth,627
anth,628
anth,629
anth,630
anth,631
anth,633
anth,634
anth,635
anth,636
anth,637
anth,638
anth,640
anth,641
anth,642
anth,643
anth,644
anth,646
anth,647
anth,648
anth,649
anth,650
anth,651
anth,652
anth,653
anth,656
anth,657
anth,658
anth,659
anth,660
anth,661
anth,662
anth,663
anth,666
anth,667
anth,668
anth,670
anth,672
anth,680
anth,681
anth,684
anth,685
anth,689
anth,691
arab,101
arab,102
arab,104
arab,201
arab,202
arab,204
arab,221
arab,222
arab,285
arab,289
arab,301
arab,302
arab,321
arab,322
arab,323
arab,475
arab,485
arab,489
arab,491
arch,105
arch,108
arch,115
arch,205
arch,206
arch,212
arch,213
arch,216
arch,221
arch,246
arch,249
arch,250
arch,260
arch,281
arch,291
arch,305
arch,317
arch,327
arch,328
arch,330
arch,331
arch,335
arch,345
arch,346
arch,347
arch,350
arch,353
arch,360
arch,381
arch,401
arch,405
arch,406
arch,413
arch,421
arch,430
arch,431
arch,433
arch,434
arch,435
arch,437
arch,438
arch,441
arch,443
arch,444
arch,451
arch,452
arch,457
arch,458
arch,463
arch,468
arch,481
arch,484
arch,485
arch,489
arch,491
arch,494
arch,600
arch,601
arch,602
arch,603
arch,605
arch,606
arch,607
arch,608
arch,610
arch,612
arch,614
arch,615
arch,619
arch,620
arch,621
arch,624
arch,628
arch,631
arch,633
arch,634
arch,637
arch,638
arch,639
arch,640
arch,643
arch,644
arch,645
arch,646
arch,647
arch,648
arch,649
arch,653
arch,655
arch,657
arch,658
arch,659
arch,660
arch,663
arch,664
arch,668
arch,669
arch,673
arch,674
arch,675
arch,676
arch,677
arch,678
arch,681
arch,684
arch,685
arch,689
arch,690
arch,691
arch,693
aren,175
aren,200
aren,210
aren,289
aren,300
aren,320
aren,330
aren,399
aren,401
aren,402
aren,440
aren,485
aren,489
arsc,101
arsc,104
arsc,105
arsc,201
arsc,202
arsc,289
arsc,292
arsc,301
arsc,392
arsc,489
arsc,492
arts,101
arts,102
arts,103
arts,104
arts,111
arts,115
arts,149
arts,150
arts,210
arts,212
arts,234
arts,289
arts,303
arts,304
arts,305
arts,308
arts,311
arts,312
arts,315
arts,325
arts,328
arts,329
arts,330
arts,333
arts,335
arts,339
arts,340
arts,341
arts,342
arts,343
arts,345
arts,349
arts,350
arts,353
arts,403
arts,445
arts,485
arts,489
ascc,101
ascc,102
ascc,289
asia,229
asia,285
asia,289
asia,349
asia,350
asia,352
asia,356
asia,401
asia,463
asia,485
asia,489
asia,491
astr,101
astr,102
astr,103
astr,104
astr,109
astr,111
astr,119
astr,285
astr,289
astr,291
astr,314
astr,320
astr,401
astr,403
astr,420
astr,485
astr,489
astr,491
astr,600
astr,601
astr,602
astr,603
astr,604
astr,605
astr,606
astr,681
astr,684
astr,685
astr,689
astr,691
atmo,201
atmo,202
atmo,203
atmo,210
atmo,251
atmo,285
atmo,289
atmo,291
atmo,321
atmo,324
atmo,326
atmo,335
atmo,336
atmo,352
atmo,363
atmo,370
atmo,435
atmo,441
atmo,443
atmo,444
atmo,446
atmo,455
atmo,456
atmo,459
atmo,461
atmo,463
atmo,464
atmo,484
atmo,485
atmo,489
atmo,491
atmo,601
atmo,602
atmo,603
atmo,604
atmo,606
atmo,611
atmo,612
atmo,613
atmo,618
atmo,629
atmo,631
atmo,632
atmo,638
atmo,645
atmo,651
atmo,655
atmo,656
atmo,657
atmo,658
atmo,659
atmo,664
atmo,677
atmo,678
atmo,681
atmo,685
atmo,689
atmo,691
attr,201
attr,202
attr,301
attr,302
attr,642
attr,643
attr,645
attr,646
attr,650
attr,651
attr,652
attr,653
attr,654
attr,655
attr,656
attr,660
attr,661
attr,662
attr,663
attr,664
attr,665
attr,666
attr,667
attr,668
attr,669
attr,670
attr,671
attr,672
attr,673
attr,674
attr,675
attr,676
attr,677
attr,689
baen,201
baen,281
baen,284
baen,285
baen,289
baen,291
baen,301
baen,302
baen,320
baen,340
baen,354
baen,365
baen,366
baen,370
baen,375
baen,399
baen,412
baen,414
baen,417
baen,420
baen,422
baen,427
baen,431
baen,460
baen,464
baen,465
baen,468
baen,469
baen,471
baen,477
baen,479
baen,480
baen,481
baen,484
baen,485
baen,489
baen,491
baen,601
baen,614
baen,617
baen,620
baen,622
baen,625
baen,627
baen,631
baen,642
baen,651
baen,652
baen,655
baen,661
baen,662
baen,665
baen,669
baen,670
baen,672
baen,673
baen,674
baen,675
baen,681
baen,683
baen,684
baen,685
baen,689
baen,690
baen,691
befb,425
befb,426
befb,470
befb,472
befb,474
befb,476
befb,482
besc,201
besc,203
besc,204
besc,285
besc,291
besc,311
besc,314
besc,320
besc,357
besc,367
besc,401
besc,402
besc,403
besc,411
besc,421
besc,431
besc,481
besc,484
besc,485
besc,489
besc,491
besl,610
besl,611
besl,612
besl,613
besl,614
besl,615
besl,616
besl,617
besl,618
besl,619
besl,620
besl,621
besl,622
besl,623
besl,624
besl,632
besl,682
besl,683
besl,684
besl,685
besl,689
besl,691
bich,101
bich,285
bich,303
bich,403
bich,404
bich,406
bich,409
bich,410
bich,411
bich,412
bich,414
bich,419
bich,420
bich,431
bich,432
bich,440
bich,441
bich,450
bich,456
bich,460
bich,461
bich,464
bich,485
bich,489
bich,491
bich,601
bich,602
bich,603
bich,605
bich,606
bich,608
bich,609
bich,624
bich,625
bich,628
bich,631
bich,637
bich,650
bich,654
bich,655
bich,656
bich,657
bich,658
bich,661
bich,662
bich,664
bich,665
bich,667
bich,671
bich,672
bich,673
bich,674
bich,675
bich,676
bich,677
bich,678
bich,679
bich,681
bich,684
bich,685
bich,689
bich,690
bich,691
bich,697
bims,101
bims,110
bims,120
bims,125
bims,201
bims,289
bims,291
bims,301
bims,320
bims,380
bims,392
bims,405
bims,421
bims,481
bims,484
bims,485
bims,489
bims,491
bims,602
biol,100
biol,101
biol,102
biol,104
biol,107
biol,111
biol,112
biol,113
biol,206
biol,213
biol,214
biol,285
biol,289
biol,291
biol,302
biol,318
biol,319
biol,320
biol,335
biol,344
biol,350
biol,351
biol,352
biol,357
biol,358
biol,388
biol,401
biol,402
biol,403
biol,405
biol,406
biol,407
biol,413
biol,414
biol,423
biol,428
biol,430
biol,434
biol,435
biol,437
biol,438
biol,440
biol,443
biol,444
biol,445
biol,450
biol,451
biol,454
biol,455
biol,456
biol,461
biol,466
biol,467
biol,480
biol,481
biol,484
biol,485
biol,487
biol,489
biol,491
biol,492
biol,495
biol,496
biol,601
biol,606
biol,608
biol,609
biol,610
biol,611
biol,612
biol,613
biol,621
biol,622
biol,627
biol,628
biol,634
biol,635
biol,644
biol,647
biol,650
biol,651
biol,661
biol,665
biol,681
biol,682
biol,683
biol,685
biol,686
biol,689
biol,691
biol,694
biol,696
biol,697
biol,698
biot,601
biot,602
biot,603
biot,635
biot,645
biot,681
biot,684
biot,685
biot,689
biph,655
bmen,153
bmen,201
bmen,207
bmen,211
bmen,250
bmen,253
bmen,254
bmen,285
bmen,289
bmen,291
bmen,305
bmen,311
bmen,321
bmen,322
bmen,341
bmen,343
bmen,344
bmen,345
bmen,351
bmen,353
bmen,354
bmen,361
bmen,399
bmen,400
bmen,401
bmen,402
bmen,404
bmen,406
bmen,420
bmen,422
bmen,425
bmen,427
bmen,428
bmen,431
bmen,432
bmen,433
bmen,448
bmen,450
bmen,452
bmen,453
bmen,454
bmen,457
bmen,458
bmen,461
bmen,463
bmen,465
bmen,469
bmen,471
bmen,480
bmen,481
bmen,482
bmen,483
bmen,484
bmen,485
bmen,486
bmen,487
bmen,489
bmen,491
bmen,604
bmen,606
bmen,608
bmen,613
bmen,622
bmen,625
bmen,627
bmen,628
bmen,631
bmen,632
bmen,635
bmen,636
bmen,637
bmen,641
bmen,642
bmen,643
bmen,650
bmen,657
bmen,658
bmen,661
bmen,663
bmen,669
bmen,674
bmen,675
bmen,676
bmen,680
bmen,681
bmen,682
bmen,683
bmen,684
bmen,685
bmen,686
bmen,687
bmen,689
bmen,691
botn,289
botn,291
botn,485
botn,491
buad,620
buad,679
buad,681
buad,684
buad,685
buad,689
buad,693
buad,700
buad,701
buad,702
buad,705
buad,710
buad,715
buad,720
bush,101
bush,285
bush,485
bush,600
bush,602
bush,631
bush,632
bush,633
bush,635
bush,684
bush,685
bush,691
busn,101
busn,125
busn,203
busn,213
busn,225
busn,232
busn,285
busn,289
busn,299
busn,302
busn,325
busn,392
busn,401
busn,403
busn,404
busn,432
busn,481
busn,484
busn,485
busn,489
busn,491
carc,101
carc,181
carc,291
carc,300
carc,301
carc,311
carc,321
carc,331
carc,411
carc,412
carc,481
carc,484
carc,485
carc,489
carc,491
carc,600
carc,601
carc,602
carc,604
carc,685
carc,689
carc,698
cehd,100
cehd,101
cehd,289
cehd,291
cehd,300
cehd,491
cehd,600
cehd,603
cehd,689
chem,100
chem,105
chem,106
chem,107
chem,116
chem,117
chem,119
chem,120
chem,220
chem,222
chem,227
chem,228
chem,231
chem,234
chem,237
chem,238
chem,242
chem,285
chem,289
chem,291
chem,310
chem,311
chem,315
chem,316
chem,318
chem,322
chem,325
chem,326
chem,327
chem,328
chem,362
chem,383
chem,415
chem,433
chem,434
chem,446
chem,456
chem,462
chem,464
chem,466
chem,468
chem,470
chem,481
chem,483
chem,484
chem,485
chem,489
chem,491
chem,601
chem,602
chem,610
chem,615
chem,616
chem,618
chem,619
chem,621
chem,623
chem,627
chem,628
chem,629
chem,630
chem,631
chem,633
chem,634
chem,635
chem,636
chem,640
chem,641
chem,642
chem,644
chem,646
chem,647
chem,648
chem,658
chem,660
chem,661
chem,670
chem,672
chem,673
chem,681
chem,682
chem,684
chem,685
chem,686
chem,689
chem,690
chem,691
chem,695
chem,697
chen,201
chen,204
chen,205
chen,285
chen,289
chen,291
chen,301
chen,304
chen,320
chen,322
chen,323
chen,324
chen,354
chen,364
chen,374
chen,399
chen,409
chen,410
chen,422
chen,425
chen,426
chen,430
chen,431
chen,432
chen,433
chen,440
chen,450
chen,451
chen,455
chen,456
chen,457
chen,458
chen,459
chen,460
chen,461
chen,463
chen,465
chen,469
chen,471
chen,475
chen,476
chen,481
chen,482
chen,484
chen,485
chen,489
chen,491
chen,601
chen,604
chen,605
chen,610
chen,614
chen,615
chen,623
chen,624
chen,629
chen,631
chen,633
chen,634
chen,635
chen,640
chen,641
chen,642
chen,643
chen,644
chen,645
chen,646
chen,650
chen,651
chen,653
chen,655
chen,656
chen,658
chen,659
chen,660
chen,661
chen,662
chen,663
chen,664
chen,665
chen,670
chen,675
chen,676
chen,677
chen,681
chen,684
chen,685
chen,689
chen,691
chen,695
chen,696
chin,101
chin,102
chin,201
chin,202
chin,285
chin,289
chin,301
chin,302
chin,405
chin,465
chin,485
chin,489
chin,491
clas,101
clas,102
clas,121
clas,122
clas,211
clas,220
clas,221
clas,222
clas,236
clas,250
clas,251
clas,261
clas,262
clas,285
clas,289
clas,291
clas,311
clas,312
clas,313
clas,320
clas,321
clas,322
clas,330
clas,352
clas,353
clas,354
clas,371
clas,372
clas,410
clas,415
clas,417
clas,418
clas,426
clas,427
clas,428
clas,429
clas,444
clas,485
clas,489
clas,491
clas,692
clen,101
clen,181
clen,201
clen,261
clen,289
clen,301
clen,302
clen,303
clen,304
clen,689
comm,101
comm,107
comm,203
comm,204
comm,205
comm,210
comm,215
comm,230
comm,240
comm,243
comm,245
comm,250
comm,257
comm,260
comm,265
comm,275
comm,280
comm,285
comm,289
comm,291
comm,301
comm,302
comm,303
comm,304
comm,305
comm,307
comm,308
comm,309
comm,310
comm,315
comm,316
comm,317
comm,320
comm,321
comm,322
comm,323
comm,324
comm,325
comm,326
comm,330
comm,335
comm,338
comm,340
comm,342
comm,343
comm,345
comm,346
comm,350
comm,354
comm,360
comm,365
comm,370
comm,375
comm,377
comm,403
comm,407
comm,410
comm,411
comm,415
comm,420
comm,423
comm,425
comm,428
comm,431
comm,434
comm,435
comm,437
comm,438
comm,440
comm,443
comm,446
comm,447
comm,450
comm,452
comm,453
comm,458
comm,460
comm,470
comm,471
comm,476
comm,480
comm,482
comm,483
comm,484
comm,485
comm,487
comm,488
comm,489
comm,491
comm,497
comm,601
comm,610
comm,611
comm,615
comm,616
comm,620
comm,625
comm,626
comm,628
comm,630
comm,631
comm,632
comm,634
comm,636
comm,637
comm,638
comm,640
comm,645
comm,649
comm,650
comm,651
comm,652
comm,653
comm,654
comm,655
comm,656
comm,658
comm,659
comm,661
comm,662
comm,663
comm,664
comm,665
comm,667
comm,669
comm,670
comm,671
comm,681
comm,685
comm,689
comm,691
cosc,153
cosc,175
cosc,184
cosc,202
cosc,222
cosc,253
cosc,275
cosc,284
cosc,285
cosc,291
cosc,301
cosc,303
cosc,310
cosc,321
cosc,322
cosc,325
cosc,326
cosc,333
cosc,353
cosc,354
cosc,375
cosc,381
cosc,410
cosc,411
cosc,421
cosc,440
cosc,441
cosc,442
cosc,443
cosc,446
cosc,450
cosc,459
cosc,461
cosc,463
cosc,464
cosc,465
cosc,468
cosc,473
cosc,474
cosc,475
cosc,477
cosc,481
cosc,484
cosc,485
cosc,489
cosc,491
cosc,494
cosc,601
cosc,602
cosc,603
cosc,606
cosc,608
cosc,620
cosc,621
cosc,622
cosc,624
cosc,628
cosc,631
cosc,642
cosc,644
cosc,650
cosc,663
cosc,670
cosc,681
cosc,684
cosc,685
cosc,689
cosc,690
cosc,691
cosc,693
cpsy,600
cpsy,601
cpsy,602
cpsy,603
cpsy,612
cpsy,626
cpsy,630
cpsy,631
cpsy,632
cpsy,633
cpsy,634
cpsy,635
cpsy,636
cpsy,637
cpsy,639
cpsy,662
cpsy,664
cpsy,666
cpsy,672
cpsy,673
cpsy,676
cpsy,678
cpsy,679
cpsy,683
cpsy,684
cpsy,685
cpsy,688
cpsy,689
cpsy,690
cpsy,691
csce,110
csce,111
csce,120
csce,121
csce,181
csce,201
csce,206
csce,221
csce,222
csce,285
csce,289
csce,291
csce,305
csce,310
csce,312
csce,313
csce,314
csce,315
csce,320
csce,331
csce,350
csce,399
csce,402
csce,410
csce,411
csce,412
csce,413
csce,416
csce,420
csce,421
csce,426
csce,429
csce,430
csce,431
csce,432
csce,433
csce,434
csce,435
csce,436
csce,438
csce,439
csce,440
csce,441
csce,442
csce,443
csce,444
csce,445
csce,446
csce,447
csce,448
csce,449
csce,450
csce,451
csce,452
csce,456
csce,461
csce,462
csce,463
csce,464
csce,465
csce,469
csce,470
csce,477
csce,481
csce,482
csce,483
csce,485
csce,489
csce,491
csce,601
csce,602
csce,603
csce,604
csce,605
csce,606
csce,608
csce,610
csce,611
csce,612
csce,613
csce,614
csce,616
csce,617
csce,619
csce,620
csce,621
csce,622
csce,624
csce,625
csce,626
csce,627
csce,628
csce,629
csce,630
csce,631
csce,633
csce,634
csce,635
csce,636
csce,637
csce,638
csce,639
csce,640
csce,641
csce,642
csce,643
csce,644
csce,645
csce,646
csce,647
csce,648
csce,649
csce,650
csce,652
csce,653
csce,654
csce,655
csce,656
csce,657
csce,658
csce,659
csce,660
csce,661
csce,662
csce,663
csce,664
csce,665
csce,666
csce,667
csce,668
csce,669
csce,670
csce,671
csce,672
csce,675
csce,676
csce,678
csce,679
csce,680
csce,681
csce,682
csce,684
csce,685
csce,689
csce,691
csce,701
csce,702
csce,703
csce,704
csce,705
csce,706
csce,707
csce,708
csce,709
csce,710
csce,711
csce,712
csce,713
csce,714
csce,725
csce,735
csce,748
csce,749
csce,752
csce,753
cven,207
cven,221
cven,250
cven,289
cven,301
cven,302
cven,303
cven,304
cven,305
cven,306
cven,307
cven,311
cven,314
cven,315
cven,322
cven,336
cven,339
cven,342
cven,343
cven,345
cven,349
cven,363
cven,365
cven,399
cven,400
cven,402
cven,403
cven,405
cven,406
cven,413
cven,417
cven,418
cven,423
cven,424
cven,435
cven,436
cven,444
cven,445
cven,446
cven,449
cven,450
cven,451
cven,454
cven,455
cven,456
cven,457
cven,458
cven,462
cven,463
cven,464
cven,465
cven,473
cven,483
cven,485
cven,489
cven,491
cven,601
cven,602
cven,603
cven,604
cven,605
cven,606
cven,607
cven,610
cven,612
cven,613
cven,614
cven,615
cven,616
cven,617
cven,618
cven,619
cven,620
cven,621
cven,622
cven,623
cven,624
cven,625
cven,626
cven,627
cven,628
cven,631
cven,632
cven,633
cven,635
cven,637
cven,638
cven,639
cven,640
cven,641
cven,642
cven,644
cven,645
cven,646
cven,647
cven,648
cven,649
cven,650
cven,651
cven,652
cven,653
cven,654
cven,655
cven,656
cven,657
cven,658
cven,659
cven,662
cven,663
cven,664
cven,665
cven,666
cven,667
cven,668
cven,669
cven,670
cven,671
cven,672
cven,673
cven,674
cven,675
cven,679
cven,680
cven,681
cven,682
cven,683
cven,684
cven,685
cven,686
cven,687
cven,688
cven,689
cven,691
cven,695
cven,696
cven,699
cven,701
cven,705
cven,710
cven,717
cven,720
cven,721
cven,723
cven,740
cven,741
cven,749
cven,750
cven,751
cven,752
cven,753
cven,754
cven,765
cven,766
cybr,201
cybr,285
cybr,289
cybr,291
cybr,402
cybr,403
cybr,405
cybr,466
cybr,484
cybr,485
cybr,489
cybr,491
cybr,601
cybr,602
cybr,603
cybr,604
cybr,630
cybr,660
cybr,661
cybr,684
cybr,685
cybr,689
cybr,691
cybr,711
cybr,776
daen,210
daen,300
daen,301
daen,321
daen,323
daen,328
daen,331
daen,399
daen,400
daen,410
daen,420
daen,427
daen,429
daen,430
daen,459
daen,460
daen,489
dasc,418
dasc,485
dasc,606
dasc,685
dasc,691
dced,201
dced,202
dced,203
dced,215
dced,216
dced,217
dced,222
dced,230
dced,240
dced,242
dced,250
dced,260
dced,261
dced,265
dced,271
dced,272
dced,286
dced,289
dced,297
dced,303
dced,304
dced,306
dced,308
dced,310
dced,315
dced,351
dced,361
dced,362
dced,372
dced,373
dced,387
dced,398
dced,400
dced,401
dced,402
dced,403
dced,405
dced,410
dced,411
dced,416
dced,419
dced,462
dced,463
dced,473
dced,474
dced,485
dced,488
dced,489
dced,491
ddds,601
ddds,602
ddds,603
ddds,604
ddds,605
ddds,611
ddds,612
ddds,613
ddds,614
ddds,615
ddds,689
ddds,701
ddds,702
ddds,711
ddds,712
ddds,713
ddds,714
ddds,716
ddds,717
ddds,718
ddds,719
ddds,721
ddds,731
ddds,741
ddds,742
ddds,761
ddds,771
dhum,433
dhum,489
dhum,601
dhum,685
dive,250
dive,251
dive,260
dive,330
dive,331
dive,357
dive,410
dive,489
dphs,600
dphs,610
dphs,620
dphs,625
dphs,630
dphs,689
dphs,691
eccb,101
eccb,203
eccb,205
eccb,215
eccb,285
eccb,291
eccb,300
eccb,301
eccb,302
eccb,303
eccb,304
eccb,307
eccb,308
eccb,309
eccb,310
eccb,311
eccb,312
eccb,313
eccb,314
eccb,315
eccb,316
eccb,318
eccb,319
eccb,320
eccb,324
eccb,325
eccb,351
eccb,400
eccb,401
eccb,402
eccb,403
eccb,405
eccb,406
eccb,407
eccb,408
eccb,416
eccb,417
eccb,420
eccb,422
eccb,430
eccb,444
eccb,446
eccb,448
eccb,450
eccb,451
eccb,452
eccb,454
eccb,460
eccb,462
eccb,481
eccb,484
eccb,485
eccb,489
eccb,491
eccb,600
eccb,602
eccb,603
eccb,605
eccb,606
eccb,607
eccb,612
eccb,613
eccb,614
eccb,616
eccb,620
eccb,621
eccb,622
eccb,626
eccb,631
eccb,633
eccb,634
eccb,635
eccb,644
eccb,645
eccb,646
eccb,648
eccb,651
eccb,652
eccb,654
eccb,655
eccb,656
eccb,658
eccb,660
eccb,670
eccb,671
eccb,681
eccb,684
eccb,685
eccb,689
eccb,691
ecen,209
ecen,210
ecen,214
ecen,215
ecen,222
ecen,248
ecen,250
ecen,285
ecen,289
ecen,291
ecen,303
ecen,314
ecen,322
ecen,325
ecen,326
ecen,333
ecen,338
ecen,340
ecen,350
ecen,360
ecen,370
ecen,399
ecen,403
ecen,404
ecen,410
ecen,411
ecen,412
ecen,414
ecen,415
ecen,416
ecen,418
ecen,419
ecen,420
ecen,421
ecen,422
ecen,423
ecen,424
ecen,425
ecen,426
ecen,427
ecen,428
ecen,429
ecen,434
ecen,438
ecen,440
ecen,441
ecen,442
ecen,444
ecen,445
ecen,446
ecen,447
ecen,448
ecen,449
ecen,451
ecen,452
ecen,453
ecen,454
ecen,455
ecen,457
ecen,458
ecen,459
ecen,460
ecen,461
ecen,462
ecen,463
ecen,464
ecen,465
ecen,466
ecen,467
ecen,468
ecen,469
ecen,470
ecen,471
ecen,472
ecen,473
ecen,474
ecen,475
ecen,477
ecen,478
ecen,479
ecen,480
ecen,484
ecen,485
ecen,489
ecen,491
ecen,600
ecen,601
ecen,602
ecen,604
ecen,605
ecen,606
ecen,607
ecen,608
ecen,609
ecen,610
ecen,611
ecen,612
ecen,613
ecen,614
ecen,615
ecen,616
ecen,617
ecen,619
ecen,620
ecen,621
ecen,622
ecen,625
ecen,626
ecen,628
ecen,629
ecen,630
ecen,631
ecen,632
ecen,633
ecen,635
ecen,636
ecen,637
ecen,638
ecen,639
ecen,640
ecen,641
ecen,642
ecen,643
ecen,644
ecen,646
ecen,647
ecen,648
ecen,649
ecen,650
ecen,651
ecen,653
ecen,654
ecen,655
ecen,658
ecen,660
ecen,661
ecen,662
ecen,663
ecen,664
ecen,665
ecen,666
ecen,667
ecen,668
ecen,669
ecen,671
ecen,674
ecen,675
ecen,676
ecen,677
ecen,679
ecen,680
ecen,681
ecen,683
ecen,684
ecen,685
ecen,686
ecen,687
ecen,688
ecen,689
ecen,691
ecen,694
ecen,699
ecen,704
ecen,710
ecen,711
ecen,712
ecen,713
ecen,714
ecen,715
ecen,718
ecen,719
ecen,720
ecen,721
ecen,722
ecen,723
ecen,725
ecen,730
ecen,732
ecen,733
ecen,735
ecen,738
ecen,740
ecen,741
ecen,742
ecen,743
ecen,748
ecen,749
ecen,750
ecen,751
ecen,752
ecen,753
ecen,754
ecen,755
ecen,756
ecen,757
ecen,758
ecen,759
ecen,760
ecen,761
ecen,762
ecen,763
ecen,764
ecen,765
ecen,766
ecen,767
ecen,768
ecen,769
ecen,771
ecen,772
ecen,773
ecen,774
ecen,776
ecen,777
eche,291
eche,491
ecmt,461
ecmt,463
ecmt,475
ecmt,638
ecmt,660
ecmt,670
ecmt,673
ecmt,674
ecmt,675
ecmt,676
ecmt,677
ecmt,678
ecmt,680
econ,202
econ,203
econ,285
econ,289
econ,291
econ,311
econ,312
econ,315
econ,318
econ,320
econ,323
econ,328
econ,330
econ,410
econ,412
econ,414
econ,416
econ,418
econ,419
econ,420
econ,421
econ,425
econ,426
econ,433
econ,436
econ,440
econ,441
econ,445
econ,449
econ,452
econ,459
econ,460
econ,465
econ,470
econ,471
econ,484
econ,485
econ,489
econ,491
econ,603
econ,604
econ,607
econ,609
econ,610
econ,611
econ,612
econ,614
econ,617
econ,618
econ,629
econ,630
econ,631
econ,632
econ,633
econ,635
econ,636
econ,637
econ,646
econ,649
econ,650
econ,655
econ,656
econ,659
econ,663
econ,675
econ,680
econ,684
econ,685
econ,689
econ,690
econ,691
edad,601
edad,602
edad,603
edad,605
edad,606
edad,608
edad,609
edad,610
edad,611
edad,612
edad,615
edad,616
edad,617
edad,618
edad,619
edad,620
edad,621
edad,622
edad,623
edad,624
edad,625
edad,626
edad,627
edad,629
edad,630
edad,631
edad,635
edad,637
edad,638
edad,639
edad,650
edad,651
edad,652
edad,653
edad,654
edad,655
edad,658
edad,665
edad,669
edad,670
edad,672
edad,683
edad,684
edad,685
edad,687
edad,688
edad,689
edad,690
edad,691
edad,692
edci,285
edci,289
edci,291
edci,353
edci,354
edci,358
edci,364
edci,365
edci,485
edci,489
edci,491
edci,601
edci,602
edci,603
edci,604
edci,605
edci,606
edci,609
edci,617
edci,619
edci,620
edci,621
edci,622
edci,623
edci,627
edci,628
edci,629
edci,630
edci,631
edci,632
edci,633
edci,634
edci,636
edci,637
edci,638
edci,639
edci,640
edci,641
edci,642
edci,643
edci,644
edci,645
edci,646
edci,647
edci,648
edci,650
edci,652
edci,653
edci,654
edci,656
edci,658
edci,659
edci,661
edci,662
edci,663
edci,665
edci,667
edci,668
edci,669
edci,670
edci,671
edci,673
edci,676
edci,677
edci,680
edci,681
edci,682
edci,683
edci,684
edci,685
edci,686
edci,687
edci,688
edci,689
edci,690
edci,691
edci,692
edci,701
edci,702
edci,703
edci,704
edci,705
edci,706
edci,707
edci,710
edci,711
edci,715
edci,720
edci,721
edci,722
edci,723
edci,724
edci,726
edci,751
edci,752
edci,754
edhp,620
edhp,622
edhp,630
edhp,631
edhp,632
edhp,633
edhp,634
edhp,635
edhp,636
edhp,637
edhp,638
edhp,685
edhp,689
edhp,691
eebl,600
eebl,601
eebl,602
eebl,603
eebl,604
eebl,605
eebl,606
eebl,607
eebl,608
eebl,610
eebl,612
eebl,645
eebl,676
eebl,681
eebl,689
ehrd,101
ehrd,111
ehrd,203
ehrd,210
ehrd,285
ehrd,289
ehrd,291
ehrd,315
ehrd,371
ehrd,372
ehrd,374
ehrd,391
ehrd,402
ehrd,405
ehrd,408
ehrd,413
ehrd,477
ehrd,481
ehrd,484
ehrd,485
ehrd,489
ehrd,490
ehrd,491
ehrd,601
ehrd,602
ehrd,603
ehrd,605
ehrd,606
ehrd,607
ehrd,612
ehrd,613
ehrd,614
ehrd,616
ehrd,618
ehrd,619
ehrd,622
ehrd,624
ehrd,625
ehrd,627
ehrd,628
ehrd,630
ehrd,631
ehrd,633
ehrd,634
ehrd,636
ehrd,637
ehrd,638
ehrd,642
ehrd,643
ehrd,647
ehrd,649
ehrd,651
ehrd,655
ehrd,656
ehrd,657
ehrd,658
ehrd,673
ehrd,681
ehrd,684
ehrd,685
ehrd,689
ehrd,690
ehrd,691
emed,800
endg,485
endg,489
endo,600
endo,601
endo,602
endo,603
endo,604
endo,605
endo,606
endo,607
endo,608
endo,609
endo,610
endo,611
endo,612
endo,613
endo,614
endo,615
endo,616
endo,617
endo,618
endo,619
endo,620
endo,621
endo,622
endo,623
endo,624
endo,625
endo,626
endo,627
endo,628
endo,689
endo,691
ends,101
ends,106
ends,116
ends,485
ends,489
ends,491
engl,103
engl,104
engl,107
engl,202
engl,203
engl,204
engl,205
engl,206
engl,207
engl,209
engl,210
engl,211
engl,212
engl,219
engl,220
engl,221
engl,222
engl,227
engl,228
engl,229
engl,231
engl,232
engl,234
engl,235
engl,241
engl,251
engl,253
engl,262
engl,285
engl,289
engl,291
engl,292
engl,303
engl,304
engl,305
engl,306
engl,308
engl,309
engl,310
engl,313
engl,314
engl,315
engl,316
engl,317
engl,318
engl,320
engl,321
engl,322
engl,323
engl,324
engl,329
engl,330
engl,331
engl,333
engl,334
engl,335
engl,336
engl,337
engl,338
engl,339
engl,340
engl,342
engl,343
engl,345
engl,347
engl,348
engl,350
engl,351
engl,352
engl,353
engl,354
engl,355
engl,356
engl,357
engl,358
engl,359
engl,360
engl,361
engl,362
engl,365
engl,366
engl,369
engl,372
engl,373
engl,374
engl,375
engl,376
engl,377
engl,378
engl,379
engl,385
engl,386
engl,390
engl,391
engl,392
engl,393
engl,394
engl,395
engl,396
engl,401
engl,403
engl,412
engl,414
engl,415
engl,431
engl,433
engl,434
engl,435
engl,460
engl,461
engl,462
engl,474
engl,481
engl,482
engl,484
engl,485
engl,489
engl,491
engl,497
engl,602
engl,603
engl,604
engl,607
engl,608
engl,610
engl,611
engl,613
engl,618
engl,622
engl,623
engl,624
engl,634
engl,638
engl,640
engl,642
engl,645
engl,650
engl,653
engl,654
engl,655
engl,656
engl,658
engl,659
engl,665
engl,666
engl,667
engl,669
engl,670
engl,671
engl,672
engl,673
engl,680
engl,681
engl,683
engl,685
engl,689
engl,691
engl,695
engl,697
engl,698
engr,101
engr,102
engr,111
engr,112
engr,181
engr,216
engr,217
engr,251
engr,260
engr,270
engr,281
engr,285
engr,289
engr,291
engr,301
engr,302
engr,311
engr,312
engr,350
engr,351
engr,381
engr,385
engr,399
engr,401
engr,402
engr,410
engr,421
engr,450
engr,451
engr,461
engr,462
engr,470
engr,482
engr,484
engr,485
engr,489
engr,491
engr,499
engr,600
engr,677
engr,681
engr,684
engr,685
engr,689
engr,698
enst,291
enst,491
entc,289
entc,399
entc,481
entc,484
entc,485
entc,489
entc,491
entc,600
entc,610
entc,611
entc,612
entc,615
entc,629
entc,633
entc,635
entc,641
entc,644
entc,651
entc,652
entc,653
entc,661
entc,662
entc,663
entc,681
entc,684
entc,685
entc,689
entc,691
entc,692
ento,101
ento,102
ento,201
ento,208
ento,209
ento,210
ento,285
ento,289
ento,291
ento,300
ento,301
ento,305
ento,306
ento,320
ento,321
ento,322
ento,401
ento,402
ento,403
ento,423
ento,424
ento,425
ento,426
ento,427
ento,428
ento,429
ento,431
ento,432
ento,435
ento,441
ento,442
ento,450
ento,451
ento,455
ento,481
ento,482
ento,484
ento,485
ento,489
ento,491
ento,601
ento,602
ento,606
ento,608
ento,610
ento,612
ento,614
ento,615
ento,616
ento,617
ento,618
ento,619
ento,625
ento,626
ento,627
ento,628
ento,630
ento,631
ento,632
ento,635
ento,641
ento,642
ento,646
ento,681
ento,684
ento,685
ento,689
ento,690
ento,691
epfb,210
epfb,301
epfb,401
epsy,284
epsy,289
epsy,291
epsy,320
epsy,321
epsy,430
epsy,431
epsy,432
epsy,433
epsy,435
epsy,459
epsy,484
epsy,485
epsy,489
epsy,491
epsy,602
epsy,603
epsy,604
epsy,605
epsy,606
epsy,608
epsy,609
epsy,610
epsy,617
epsy,618
epsy,619
epsy,621
epsy,622
epsy,623
epsy,624
epsy,625
epsy,627
epsy,628
epsy,629
epsy,630
epsy,631
epsy,632
epsy,633
epsy,634
epsy,635
epsy,636
epsy,637
epsy,639
epsy,640
epsy,641
epsy,642
epsy,643
epsy,644
epsy,645
epsy,646
epsy,647
epsy,648
epsy,649
epsy,650
epsy,651
epsy,652
epsy,653
epsy,654
epsy,655
epsy,656
epsy,659
epsy,660
epsy,661
epsy,671
epsy,673
epsy,679
epsy,682
epsy,683
epsy,684
epsy,685
epsy,688
epsy,689
epsy,690
epsy,691
eset,210
eset,211
eset,219
eset,269
eset,300
eset,315
eset,319
eset,329
eset,333
eset,349
eset,350
eset,352
eset,355
eset,359
eset,366
eset,369
eset,400
eset,415
eset,419
eset,420
eset,435
eset,444
eset,452
eset,453
eset,455
eset,456
eset,462
eset,469
eset,485
eset,491
essm,281
essm,306
essm,604
essm,610
essm,611
essm,612
essm,628
essm,636
essm,672
euro,285
euro,289
euro,291
euro,405
euro,441
euro,442
euro,443
euro,444
euro,446
euro,447
euro,484
euro,485
euro,489
euro,491
euro,605
euro,685
euro,689
euro,691
even,201
even,301
even,304
even,311
even,320
even,339
even,399
even,400
even,401
even,402
even,404
even,406
even,413
even,458
even,462
even,463
even,466
even,485
even,491
film,215
film,251
film,285
film,289
film,291
film,299
film,302
film,324
film,343
film,345
film,349
film,351
film,356
film,358
film,366
film,376
film,394
film,398
film,399
film,401
film,402
film,405
film,406
film,415
film,417
film,425
film,435
film,445
film,455
film,465
film,469
film,470
film,481
film,484
film,485
film,489
film,491
film,600
film,643
film,658
film,685
film,689
film,691
film,694
finc,201
finc,210
finc,211
finc,267
finc,268
finc,285
finc,341
finc,342
finc,345
finc,350
finc,351
finc,361
finc,368
finc,371
finc,381
finc,409
finc,422
finc,423
finc,424
finc,425
finc,426
finc,427
finc,428
finc,435
finc,436
finc,437
finc,440
finc,441
finc,443
finc,445
finc,446
finc,447
finc,448
finc,449
finc,462
finc,463
finc,464
finc,465
finc,466
finc,468
finc,472
finc,475
finc,484
finc,485
finc,489
finc,601
finc,602
finc,603
finc,604
finc,605
finc,612
finc,613
finc,629
finc,630
finc,632
finc,633
finc,634
finc,635
finc,637
finc,640
finc,641
finc,642
finc,643
finc,644
finc,645
finc,646
finc,647
finc,648
finc,649
finc,651
finc,655
finc,660
finc,661
finc,662
finc,663
finc,664
finc,665
finc,666
finc,668
finc,669
finc,670
finc,671
finc,672
finc,673
finc,674
finc,675
finc,676
finc,677
finc,678
finc,684
finc,685
finc,688
finc,689
finc,690
finc,691
finc,705
finc,710
finp,101
finp,201
finp,442
finp,443
fivs,101
fivs,102
fivs,123
fivs,205
fivs,210
fivs,215
fivs,220
fivs,282
fivs,285
fivs,289
fivs,291
fivs,308
fivs,316
fivs,401
fivs,405
fivs,415
fivs,420
fivs,421
fivs,422
fivs,431
fivs,432
fivs,435
fivs,440
fivs,481
fivs,484
fivs,485
fivs,489
fivs,491
fors,601
fors,602
fors,603
fors,604
fors,610
fors,611
fors,612
fors,613
fors,614
fors,615
fren,101
fren,102
fren,201
fren,202
fren,221
fren,222
fren,285
fren,289
fren,300
fren,301
fren,306
fren,311
fren,321
fren,322
fren,336
fren,375
fren,418
fren,422
fren,425
fren,481
fren,485
fren,489
fren,491
fren,685
fren,689
fren,692
fsci,281
fsci,285
fsci,289
fsci,334
fsci,360
fsci,428
fsci,485
fsci,489
fsci,491
fstc,201
fstc,204
fstc,210
fstc,285
fstc,289
fstc,291
fstc,300
fstc,305
fstc,307
fstc,311
fstc,312
fstc,313
fstc,314
fstc,315
fstc,320
fstc,324
fstc,326
fstc,327
fstc,330
fstc,331
fstc,401
fstc,405
fstc,406
fstc,410
fstc,417
fstc,420
fstc,422
fstc,444
fstc,446
fstc,457
fstc,470
fstc,481
fstc,484
fstc,485
fstc,487
fstc,489
fstc,491
fstc,605
fstc,606
fstc,607
fstc,610
fstc,611
fstc,619
fstc,623
fstc,629
fstc,630
fstc,631
fstc,634
fstc,635
fstc,640
fstc,644
fstc,647
fstc,657
fstc,667
fstc,670
fstc,671
fstc,681
fstc,684
fstc,685
fstc,687
fstc,689
fstc,691
fstc,697
fyex,101
galv,101
galv,201
galv,300
galv,301
galv,401
gene,101
gene,285
gene,301
gene,302
gene,310
gene,312
gene,314
gene,320
gene,404
gene,405
gene,406
gene,411
gene,412
gene,419
gene,420
gene,421
gene,431
gene,432
gene,464
gene,485
gene,489
gene,491
gene,602
gene,603
gene,606
gene,608
gene,612
gene,613
gene,620
gene,629
gene,630
gene,631
gene,633
gene,638
gene,639
gene,642
gene,643
gene,645
gene,648
gene,654
gene,655
gene,656
gene,657
gene,658
gene,659
gene,673
gene,676
gene,677
gene,681
gene,682
gene,685
gene,689
gene,691
gene,697
geog,201
geog,202
geog,203
geog,205
geog,213
geog,215
geog,232
geog,285
geog,289
geog,291
geog,301
geog,304
geog,305
geog,306
geog,309
geog,311
geog,312
geog,320
geog,323
geog,324
geog,325
geog,327
geog,330
geog,331
geog,335
geog,352
geog,355
geog,360
geog,361
geog,370
geog,380
geog,390
geog,391
geog,392
geog,398
geog,400
geog,401
geog,404
geog,405
geog,406
geog,420
geog,430
geog,434
geog,435
geog,440
geog,442
geog,450
geog,461
geog,462
geog,467
geog,475
geog,476
geog,477
geog,478
geog,479
geog,484
geog,485
geog,489
geog,491
geog,603
geog,604
geog,605
geog,610
geog,611
geog,612
geog,616
geog,619
geog,621
geog,624
geog,625
geog,626
geog,627
geog,629
geog,634
geog,635
geog,642
geog,643
geog,651
geog,652
geog,659
geog,660
geog,661
geog,662
geog,663
geog,665
geog,666
geog,667
geog,668
geog,676
geog,677
geog,678
geog,681
geog,685
geog,687
geog,689
geog,691
geog,695
geog,696
geol,101
geol,102
geol,104
geol,106
geol,150
geol,152
geol,180
geol,203
geol,207
geol,208
geol,210
geol,250
geol,285
geol,289
geol,291
geol,301
geol,304
geol,306
geol,310
geol,312
geol,314
geol,320
geol,330
geol,350
geol,351
geol,352
geol,360
geol,404
geol,410
geol,412
geol,416
geol,420
geol,440
geol,450
geol,451
geol,478
geol,481
geol,484
geol,485
geol,489
geol,491
geol,609
geol,610
geol,611
geol,612
geol,613
geol,614
geol,616
geol,617
geol,619
geol,621
geol,622
geol,623
geol,624
geol,625
geol,628
geol,629
geol,631
geol,632
geol,633
geol,635
geol,640
geol,641
geol,643
geol,645
geol,647
geol,648
geol,650
geol,651
geol,654
geol,658
geol,661
geol,665
geol,668
geol,670
geol,678
geol,681
geol,685
geol,689
geol,691
geop,170
geop,291
geop,313
geop,341
geop,361
geop,413
geop,421
geop,435
geop,470
geop,475
geop,484
geop,485
geop,489
geop,491
geop,611
geop,615
geop,618
geop,619
geop,620
geop,622
geop,628
geop,629
geop,631
geop,635
geop,651
geop,652
geop,660
geop,661
geop,662
geop,666
geop,681
geop,685
geop,689
geop,691
geos,105
geos,110
geos,205
geos,405
geos,410
geos,430
geos,431
geos,442
geos,443
geos,611
geos,612
geos,613
geos,642
geos,669
geos,676
germ,101
germ,102
germ,104
germ,201
germ,202
germ,204
germ,221
germ,222
germ,285
germ,289
germ,310
germ,311
germ,315
germ,316
germ,321
germ,322
germ,331
germ,332
germ,333
germ,334
germ,336
germ,362
germ,410
germ,411
germ,435
germ,437
germ,440
germ,441
germ,485
germ,489
germ,491
germ,685
germ,692
hbrw,101
hbrw,102
hbrw,285
hbrw,289
hcpi,651
hcpi,655
hcpi,656
hcpi,658
hefb,222
hefb,324
hefb,325
hefb,450
hhum,107
hhum,482
hisp,201
hisp,204
hisp,205
hisp,206
hisp,250
hisp,260
hisp,262
hisp,285
hisp,289
hisp,291
hisp,352
hisp,362
hisp,363
hisp,471
hisp,474
hisp,485
hisp,489
hisp,491
hisp,600
hisp,602
hisp,603
hisp,605
hisp,606
hisp,607
hisp,614
hisp,618
hisp,620
hisp,625
hisp,630
hisp,640
hisp,645
hisp,646
hisp,650
hisp,653
hisp,660
hisp,664
hisp,665
hisp,667
hisp,668
hisp,670
hisp,671
hisp,672
hisp,675
hisp,681
hisp,684
hisp,685
hisp,689
hisp,691
hisp,692
hist,101
hist,102
hist,103
hist,104
hist,105
hist,106
hist,107
hist,202
hist,209
hist,210
hist,212
hist,213
hist,214
hist,220
hist,221
hist,222
hist,225
hist,226
hist,230
hist,231
hist,232
hist,234
hist,236
hist,240
hist,242
hist,258
hist,280
hist,285
hist,289
hist,291
hist,300
hist,301
hist,302
hist,303
hist,304
hist,305
hist,307
hist,308
hist,316
hist,317
hist,319
hist,320
hist,321
hist,322
hist,323
hist,326
hist,327
hist,330
hist,331
hist,333
hist,334
hist,335
hist,336
hist,337
hist,338
hist,339
hist,340
hist,341
hist,342
hist,343
hist,344
hist,345
hist,346
hist,347
hist,348
hist,349
hist,350
hist,352
hist,353
hist,356
hist,357
hist,359
hist,360
hist,361
hist,362
hist,363
hist,364
hist,365
hist,366
hist,367
hist,368
hist,369
hist,370
hist,371
hist,372
hist,373
hist,374
hist,376
hist,377
hist,378
hist,379
hist,401
hist,402
hist,404
hist,405
hist,406
hist,407
hist,409
hist,410
hist,411
hist,412
hist,416
hist,418
hist,419
hist,420
hist,421
hist,425
hist,426
hist,427
hist,428
hist,429
hist,431
hist,432
hist,433
hist,435
hist,436
hist,437
hist,438
hist,439
hist,441
hist,442
hist,443
hist,444
hist,445
hist,447
hist,448
hist,449
hist,450
hist,451
hist,452
hist,453
hist,455
hist,458
hist,459
hist,460
hist,461
hist,462
hist,463
hist,464
hist,468
hist,469
hist,470
hist,471
hist,472
hist,473
hist,474
hist,475
hist,476
hist,477
hist,481
hist,485
hist,489
hist,491
hist,497
hist,613
hist,614
hist,617
hist,618
hist,619
hist,623
hist,624
hist,625
hist,628
hist,629
hist,630
hist,631
hist,632
hist,633
hist,634
hist,639
hist,640
hist,641
hist,643
hist,644
hist,645
hist,646
hist,648
hist,666
hist,674
hist,675
hist,678
hist,679
hist,684
hist,685
hist,689
hist,691
hlkn,101
hlth,210
hlth,214
hlth,216
hlth,221
hlth,222
hlth,231
hlth,236
hlth,240
hlth,285
hlth,291
hlth,331
hlth,332
hlth,333
hlth,334
hlth,335
hlth,342
hlth,353
hlth,354
hlth,403
hlth,405
hlth,407
hlth,410
hlth,415
hlth,421
hlth,425
hlth,429
hlth,440
hlth,445
hlth,481
hlth,482
hlth,484
hlth,485
hlth,489
hlth,491
hlth,605
hlth,606
hlth,607
hlth,609
hlth,610
hlth,611
hlth,622
hlth,629
hlth,630
hlth,631
hlth,632
hlth,634
hlth,635
hlth,639
hlth,640
hlth,641
hlth,642
hlth,643
hlth,644
hlth,645
hlth,646
hlth,649
hlth,652
hlth,658
hlth,659
hlth,660
hlth,669
hlth,671
hlth,681
hlth,683
hlth,684
hlth,685
hlth,688
hlth,689
hlth,690
hlth,691
hmgt,201
hmgt,207
hmgt,210
hmgt,211
hmgt,223
hmgt,301
hmgt,302
hmgt,312
hmgt,314
hmgt,319
hmgt,320
hmgt,331
hmgt,340
hmgt,352
hmgt,353
hmgt,384
hmgt,401
hmgt,402
hmgt,411
hmgt,412
hmgt,424
hmgt,426
hmgt,442
hmgt,446
hmgt,449
hmgt,450
hmgt,451
hmgt,452
hmgt,465
hmgt,467
hmgt,476
hmgt,481
hmgt,484
hmgt,601
hmgt,602
hmgt,606
hmgt,614
hmgt,622
hmgt,625
hmgt,641
hmgt,646
hmgt,650
hmgt,684
hmgt,685
hmgt,689
hmgt,691
hmgt,693
hort,201
hort,202
hort,203
hort,281
hort,291
hort,301
hort,302
hort,306
hort,308
hort,313
hort,315
hort,319
hort,325
hort,326
hort,328
hort,332
hort,335
hort,360
hort,400
hort,404
hort,416
hort,418
hort,419
hort,420
hort,421
hort,423
hort,424
hort,425
hort,426
hort,428
hort,429
hort,431
hort,432
hort,435
hort,440
hort,442
hort,446
hort,450
hort,451
hort,452
hort,453
hort,454
hort,460
hort,481
hort,484
hort,485
hort,489
hort,491
hort,604
hort,607
hort,608
hort,609
hort,610
hort,618
hort,619
hort,620
hort,626
hort,630
hort,640
hort,641
hort,681
hort,684
hort,685
hort,689
hort,690
hort,691
hort,693
hpch,603
hpch,604
hpch,605
hpch,606
hpch,607
hpch,610
hpch,611
hpch,612
hpch,613
hpch,620
hpch,625
hpch,630
hpch,635
hpch,636
hpch,637
hpch,638
hpch,639
hpch,640
hpch,641
hpch,665
hpch,670
hpch,671
hpch,672
hpch,673
hpch,674
hpch,684
hpch,685
hpch,686
hpch,689
hpch,691
hpch,791
huma,304
huma,321
huma,485
huma,489
huma,685
ibst,605
ibst,606
ibst,608
ibst,681
ibst,689
ibst,691
ibus,285
ibus,289
ibus,291
ibus,301
ibus,310
ibus,320
ibus,401
ibus,402
ibus,403
ibus,430
ibus,440
ibus,445
ibus,446
ibus,450
ibus,452
ibus,453
ibus,455
ibus,456
ibus,457
ibus,459
ibus,460
ibus,484
ibus,485
ibus,489
ibus,491
ibus,645
ibus,646
ibus,677
ibus,679
ibus,685
ibus,689
ibus,692
ibus,693
icpe,601
icpe,602
icpe,603
icpe,604
icpe,605
icpe,606
icpe,607
icpe,608
icpe,609
icpe,610
icpe,611
icpe,612
icpe,613
icpe,614
icpe,615
icpe,617
icpe,618
icpe,619
icpe,620
icpe,622
icpe,623
icpe,624
icpe,626
icpe,629
icpe,631
icpe,632
icpe,633
icpe,634
icpe,635
icpe,636
icpe,637
icpe,638
icpe,639
icpe,681
icpe,689
icpe,691
idis,240
idis,330
idis,340
idis,343
idis,344
idis,364
idis,371
idis,421
idis,424
idis,433
idis,434
idis,443
idis,444
idis,445
idis,450
idis,454
idis,455
idis,464
idis,471
idis,481
idis,484
idis,485
idis,489
idis,491
idis,611
idis,614
idis,621
idis,622
idis,624
idis,634
idis,644
idis,650
idis,651
idis,652
idis,653
idis,654
idis,655
idis,656
idis,657
idis,660
idis,664
idis,665
idis,670
idis,674
idis,685
idis,689
idis,691
idis,693
imed,800
inst,210
inst,222
inst,291
inst,301
inst,362
inst,363
inst,491
inta,302
inta,303
inta,415
inta,418
inta,443
inta,445
inta,452
inta,455
inta,473
inta,476
inta,486
inta,494
inta,601
inta,603
inta,604
inta,605
inta,606
inta,607
inta,608
inta,609
inta,611
inta,612
inta,613
inta,616
inta,617
inta,620
inta,621
inta,622
inta,623
inta,625
inta,627
inta,630
inta,631
inta,632
inta,635
inta,636
inta,637
inta,638
inta,640
inta,642
inta,643
inta,644
inta,645
inta,646
inta,647
inta,648
inta,650
inta,651
inta,652
inta,653
inta,654
inta,655
inta,657
inta,658
inta,659
inta,661
inta,663
inta,664
inta,665
inta,667
inta,668
inta,669
inta,670
inta,671
inta,672
inta,673
inta,674
inta,675
inta,676
inta,680
inta,684
inta,685
inta,686
inta,689
inta,690
inta,691
inta,694
inta,696
inta,698
inta,700
inta,701
inta,702
inta,703
inta,704
inta,705
inta,706
inta,707
inta,708
inta,709
inta,710
inta,711
inta,712
inta,713
inta,714
inta,715
inta,716
inta,717
inta,718
inta,719
inta,720
inta,721
inta,722
inta,723
inta,724
inta,727
ints,201
ints,205
ints,211
ints,215
ints,251
ints,261
ints,285
ints,289
ints,300
ints,301
ints,311
ints,321
ints,401
ints,403
ints,405
ints,406
ints,407
ints,409
ints,410
ints,481
ints,484
ints,485
ints,489
ints,491
ints,497
isen,101
isen,210
isen,230
isen,281
isen,285
isen,289
isen,291
isen,302
isen,303
isen,310
isen,311
isen,320
isen,330
isen,340
isen,350
isen,355
isen,360
isen,370
isen,399
isen,405
isen,408
isen,410
isen,411
isen,413
isen,414
isen,416
isen,425
isen,427
isen,433
isen,434
isen,440
isen,442
isen,450
isen,453
isen,460
isen,485
isen,489
isen,491
isen,601
isen,602
isen,603
isen,605
isen,608
isen,609
isen,612
isen,613
isen,614
isen,615
isen,616
isen,617
isen,618
isen,619
isen,620
isen,621
isen,622
isen,623
isen,624
isen,625
isen,627
isen,629
isen,630
isen,631
isen,633
isen,634
isen,635
isen,636
isen,637
isen,638
isen,640
isen,641
isen,643
isen,644
isen,645
isen,650
isen,654
isen,655
isen,656
isen,658
isen,659
isen,660
isen,661
isen,662
isen,663
isen,664
isen,665
isen,667
isen,668
isen,669
isen,670
isen,671
isen,673
isen,681
isen,684
isen,685
isen,689
isen,691
isen,692
istm,209
istm,210
istm,250
istm,281
istm,310
istm,313
istm,315
istm,320
istm,325
istm,360
istm,380
istm,381
istm,410
istm,415
istm,420
istm,425
istm,440
istm,450
istm,455
istm,481
istm,482
istm,484
istm,485
istm,489
istm,601
istm,610
istm,612
istm,615
istm,620
istm,622
istm,624
istm,630
istm,631
istm,635
istm,637
istm,643
istm,645
istm,650
istm,652
istm,655
istm,660
istm,670
istm,680
istm,681
istm,682
istm,683
istm,684
istm,685
istm,689
istm,705
ital,101
ital,102
ital,201
ital,202
ital,221
ital,222
ital,251
ital,285
ital,289
ital,303
ital,321
ital,322
ital,452
ital,453
ital,455
ital,456
ital,485
ital,489
ital,491
ital,692
itde,201
itde,285
itde,289
itde,291
itde,301
itde,399
itde,401
itde,402
itde,485
itde,489
itde,491
itde,499
itde,610
itde,611
itde,612
itde,613
itde,614
itde,624
itde,625
itde,626
itde,627
itde,628
itde,640
itde,641
itde,642
itde,684
itde,685
itde,689
itde,691
itde,702
itsv,101
itsv,272
itsv,274
itsv,303
itsv,308
itsv,316
itsv,385
itsv,396
itsv,412
itsv,465
itsv,475
itsv,476
japn,101
japn,102
japn,201
japn,202
japn,285
japn,289
japn,291
japn,301
japn,302
japn,325
japn,401
japn,402
japn,485
japn,489
japn,491
jour,102
jour,200
jour,203
jour,215
jour,230
jour,250
jour,275
jour,285
jour,289
jour,291
jour,301
jour,302
jour,303
jour,304
jour,305
jour,306
jour,317
jour,341
jour,345
jour,346
jour,359
jour,365
jour,450
jour,451
jour,455
jour,458
jour,468
jour,484
jour,485
jour,489
jour,490
jour,491
jwst,201
jwst,285
jwst,289
jwst,291
jwst,485
jwst,489
jwst,491
kine,120
kine,121
kine,175
kine,198
kine,199
kine,210
kine,213
kine,214
kine,215
kine,216
kine,223
kine,240
kine,282
kine,285
kine,289
kine,291
kine,302
kine,305
kine,306
kine,307
kine,308
kine,311
kine,312
kine,314
kine,317
kine,318
kine,320
kine,321
kine,324
kine,325
kine,334
kine,335
kine,340
kine,351
kine,355
kine,386
kine,404
kine,406
kine,407
kine,425
kine,426
kine,427
kine,428
kine,429
kine,431
kine,433
kine,435
kine,439
kine,440
kine,482
kine,483
kine,484
kine,485
kine,489
kine,491
kine,601
kine,606
kine,609
kine,614
kine,622
kine,623
kine,624
kine,626
kine,627
kine,628
kine,629
kine,630
kine,631
kine,637
kine,638
kine,639
kine,640
kine,641
kine,642
kine,646
kine,647
kine,648
kine,649
kine,651
kine,652
kine,681
kine,682
kine,683
kine,684
kine,685
kine,689
kine,690
kine,691
knfb,222
knfb,315
knfb,324
knfb,325
knfb,416
knfb,450
land,101
land,111
land,112
land,210
land,211
land,212
land,231
land,232
land,240
land,241
land,291
land,301
land,311
land,312
land,331
land,412
land,431
land,484
land,485
land,489
land,491
land,494
land,601
land,602
land,603
land,612
land,614
land,620
land,621
land,622
land,630
land,632
land,635
land,640
land,645
land,646
land,655
land,681
land,684
land,685
land,689
land,691
land,693
ldev,485
ldev,489
ldev,644
ldev,650
ldev,651
ldev,660
ldev,661
ldev,663
ldev,664
ldev,667
ldev,668
ldev,669
ldev,671
ldev,673
ldev,684
ldev,685
ldev,687
ldev,688
ldev,689
ldev,691
ldev,693
ldtc,602
ldtc,608
ldtc,613
ldtc,621
ldtc,631
ldtc,641
ldtc,642
ldtc,645
ldtc,646
ldtc,651
ldtc,654
ldtc,655
ldtc,660
ldtc,683
ldtc,684
ldtc,685
ldtc,689
ldtc,691
ling,209
ling,291
ling,307
ling,310
ling,403
ling,481
ling,485
ling,489
ling,491
ling,602
ling,610
ling,685
lmas,201
lmas,285
lmas,289
lmas,291
lmas,422
lmas,423
lmas,468
lmas,484
lmas,485
lmas,489
lmas,491
lmas,685
lmas,689
lmas,691
mara,201
mara,205
mara,212
mara,250
mara,281
mara,285
mara,289
mara,301
mara,304
mara,342
mara,345
mara,346
mara,347
mara,348
mara,350
mara,360
mara,363
mara,373
mara,401
mara,402
mara,403
mara,416
mara,421
mara,424
mara,435
mara,440
mara,445
mara,446
mara,450
mara,461
mara,466
mara,470
mara,475
mara,484
mara,485
mara,489
mara,490
mara,491
mara,493
mara,604
mara,610
mara,612
mara,616
mara,623
mara,624
mara,625
mara,627
mara,636
mara,640
mara,641
mara,645
mara,647
mara,650
mara,652
mara,655
mara,658
mara,660
mara,664
mara,665
mara,670
mara,672
mara,673
mara,675
mara,678
mara,684
mara,685
mara,689
mara,690
mara,691
marb,101
marb,215
marb,285
marb,289
marb,301
marb,302
marb,303
marb,310
marb,311
marb,315
marb,320
marb,335
marb,360
marb,400
marb,401
marb,403
marb,405
marb,406
marb,407
marb,408
marb,409
marb,410
marb,411
marb,414
marb,416
marb,420
marb,423
marb,425
marb,426
marb,430
marb,433
marb,435
marb,437
marb,438
marb,445
marb,460
marb,466
marb,484
marb,485
marb,489
marb,491
marb,610
marb,618
marb,640
marb,668
marb,669
marb,681
marb,684
marb,685
marb,689
marb,691
marb,693
mare,100
mare,111
mare,112
mare,200
mare,202
mare,205
mare,206
mare,207
mare,209
mare,210
mare,211
mare,217
mare,235
mare,242
mare,243
mare,261
mare,285
mare,289
mare,300
mare,305
mare,306
mare,307
mare,309
mare,312
mare,313
mare,315
mare,317
mare,318
mare,325
mare,327
mare,335
mare,345
mare,350
mare,377
mare,399
mare,400
mare,401
mare,402
mare,405
mare,424
mare,434
mare,437
mare,441
mare,442
mare,443
mare,445
mare,451
mare,452
mare,459
mare,467
mare,481
mare,484
mare,485
mare,489
mare,491
mars,102
mars,210
mars,252
mars,280
mars,281
mars,285
mars,289
mars,303
mars,305
mars,306
mars,310
mars,325
mars,330
mars,336
mars,340
mars,342
mars,350
mars,361
mars,365
mars,370
mars,408
mars,410
mars,412
mars,415
mars,420
mars,423
mars,425
mars,426
mars,430
mars,431
mars,432
mars,435
mars,440
mars,450
mars,456
mars,460
mars,461
mars,470
mars,481
mars,484
mars,485
mars,488
mars,489
mars,491
mars,601
mars,603
mars,604
mars,610
mars,615
mars,625
mars,626
mars,635
mars,640
mars,644
mars,650
mars,651
mars,652
mars,655
mars,656
mars,660
mars,670
mars,675
mars,676
mars,680
mars,681
mars,683
mars,684
mars,685
mars,689
mars,691
mars,693
mart,103
mart,104
mart,115
mart,200
mart,201
mart,202
mart,204
mart,205
mart,208
mart,210
mart,212
mart,213
mart,215
mart,265
mart,285
mart,289
mart,300
mart,303
mart,305
mart,307
mart,308
mart,310
mart,311
mart,313
mart,315
mart,321
mart,350
mart,400
mart,401
mart,403
mart,404
mart,410
mart,484
mart,485
mart,489
mart,491
mart,498
masc,320
masc,351
masc,420
masc,450
mase,400
mase,401
mase,407
mase,410
mase,485
mase,489
mase,491
mast,101
mast,220
mast,226
mast,230
mast,240
mast,252
mast,265
mast,270
mast,289
mast,321
mast,333
mast,336
mast,340
mast,345
mast,350
mast,354
mast,365
mast,369
mast,371
mast,411
mast,425
mast,441
mast,470
mast,480
mast,481
mast,484
mast,485
mast,489
mast,491
math,102
math,140
math,142
math,147
math,148
math,150
math,151
math,152
math,167
math,168
math,170
math,171
math,172
math,200
math,221
math,225
math,251
math,253
math,281
math,285
math,289
math,291
math,300
math,302
math,304
math,307
math,308
math,309
math,311
math,323
math,325
math,365
math,366
math,367
math,375
math,376
math,396
math,401
math,403
math,407
math,409
math,410
math,411
math,412
math,414
math,415
math,416
math,417
math,419
math,420
math,423
math,424
math,425
math,427
math,431
math,433
math,436
math,437
math,439
math,442
math,446
math,447
math,460
math,467
math,469
math,470
math,471
math,472
math,478
math,482
math,485
math,489
math,490
math,491
math,601
math,602
math,603
math,604
math,605
math,606
math,607
math,608
math,609
math,610
math,611
math,612
math,613
math,614
math,615
math,617
math,618
math,619
math,620
math,622
math,623
math,625
math,626
math,627
math,628
math,629
math,630
math,632
math,636
math,637
math,638
math,639
math,640
math,641
math,642
math,643
math,644
math,645
math,646
math,647
math,648
math,649
math,650
math,651
math,652
math,653
math,654
math,655
math,656
math,658
math,660
math,661
math,662
math,663
math,664
math,666
math,667
math,669
math,672
math,673
math,676
math,677
math,678
math,679
math,680
math,684
math,685
math,689
math,691
math,695
math,696
mcmd,625
mcmd,671
mcmd,672
mcmd,674
mcmd,675
mcmd,676
mcmd,677
mcmd,681
mcmd,685
mcmd,689
meen,201
meen,210
meen,221
meen,222
meen,223
meen,225
meen,260
meen,285
meen,289
meen,291
meen,305
meen,315
meen,344
meen,345
meen,357
meen,360
meen,361
meen,363
meen,364
meen,365
meen,368
meen,381
meen,399
meen,401
meen,402
meen,404
meen,406
meen,408
meen,410
meen,411
meen,417
meen,421
meen,423
meen,431
meen,432
meen,433
meen,434
meen,435
meen,436
meen,437
meen,439
meen,440
meen,441
meen,442
meen,444
meen,445
meen,451
meen,453
meen,454
meen,455
meen,458
meen,459
meen,460
meen,461
meen,463
meen,464
meen,467
meen,469
meen,471
meen,472
meen,475
meen,477
meen,480
meen,485
meen,489
meen,490
meen,491
meen,497
meen,601
meen,602
meen,603
meen,605
meen,607
meen,608
meen,611
meen,612
meen,613
meen,615
meen,616
meen,617
meen,618
meen,621
meen,622
meen,624
meen,626
meen,628
meen,630
meen,631
meen,632
meen,633
meen,634
meen,635
meen,637
meen,639
meen,642
meen,643
meen,644
meen,645
meen,649
meen,651
meen,652
meen,653
meen,654
meen,655
meen,657
meen,659
meen,660
meen,662
meen,663
meen,664
meen,665
meen,667
meen,668
meen,669
meen,671
meen,672
meen,673
meen,680
meen,681
meen,683
meen,684
meen,685
meen,686
meen,687
meen,688
meen,689
meen,690
meen,691
meen,693
meen,694
meen,696
meen,697
meen,698
meen,699
meen,700
meen,701
mefb,351
mefb,450
mefb,452
mefb,460
mefb,470
mefb,497
meid,605
meid,606
meid,607
meid,608
meid,609
meid,614
meid,616
meid,617
meid,618
meid,619
meid,620
meid,621
meid,622
meid,623
meid,624
meid,625
meid,685
meid,691
meid,701
meid,702
meid,703
meid,704
meid,706
meid,707
meid,708
meid,710
meid,711
meid,712
meid,750
meid,751
meid,800
mema,601
mema,602
mema,606
mema,608
mema,611
mema,612
mema,613
mema,616
mema,625
mema,626
mema,634
mema,641
mema,646
mema,647
mema,648
mema,649
mema,651
mema,670
mema,689
meps,291
meps,485
meps,489
meps,491
meps,601
meps,605
meps,610
meps,618
meps,619
meps,620
meps,654
meps,655
meps,671
meps,681
meps,685
meps,689
meps,691
metr,302
mfcm,600
mfcm,601
mfcm,800
mgmt,209
mgmt,261
mgmt,289
mgmt,309
mgmt,311
mgmt,312
mgmt,363
mgmt,372
mgmt,373
mgmt,376
mgmt,421
mgmt,422
mgmt,424
mgmt,425
mgmt,427
mgmt,430
mgmt,432
mgmt,435
mgmt,439
mgmt,440
mgmt,450
mgmt,452
mgmt,453
mgmt,457
mgmt,460
mgmt,461
mgmt,464
mgmt,465
mgmt,466
mgmt,470
mgmt,475
mgmt,476
mgmt,477
mgmt,478
mgmt,479
mgmt,481
mgmt,484
mgmt,485
mgmt,489
mgmt,602
mgmt,611
mgmt,613
mgmt,614
mgmt,618
mgmt,620
mgmt,621
mgmt,622
mgmt,623
mgmt,624
mgmt,626
mgmt,627
mgmt,628
mgmt,629
mgmt,630
mgmt,632
mgmt,633
mgmt,634
mgmt,635
mgmt,636
mgmt,637
mgmt,638
mgmt,639
mgmt,640
mgmt,643
mgmt,645
mgmt,650
mgmt,655
mgmt,657
mgmt,658
mgmt,660
mgmt,663
mgmt,673
mgmt,674
mgmt,675
mgmt,676
mgmt,677
mgmt,679
mgmt,680
mgmt,682
mgmt,683
mgmt,684
mgmt,685
mgmt,686
mgmt,687
mgmt,689
mgmt,691
mgmt,705
mgmt,710
mhum,601
mhum,602
mhum,603
mhum,604
mhum,605
micr,289
micr,291
micr,489
micr,491
micr,681
micr,685
micr,689
micr,691
mktg,298
mktg,299
mktg,321
mktg,322
mktg,323
mktg,325
mktg,326
mktg,335
mktg,336
mktg,337
mktg,345
mktg,347
mktg,401
mktg,402
mktg,403
mktg,404
mktg,409
mktg,425
mktg,426
mktg,427
mktg,430
mktg,431
mktg,432
mktg,435
mktg,436
mktg,437
mktg,438
mktg,440
mktg,441
mktg,442
mktg,443
mktg,444
mktg,445
mktg,447
mktg,448
mktg,451
mktg,484
mktg,485
mktg,489
mktg,602
mktg,604
mktg,613
mktg,621
mktg,625
mktg,626
mktg,630
mktg,635
mktg,637
mktg,638
mktg,641
mktg,643
mktg,644
mktg,650
mktg,656
mktg,660
mktg,665
mktg,670
mktg,671
mktg,673
mktg,675
mktg,677
mktg,680
mktg,682
mktg,684
mktg,685
mktg,687
mktg,688
mktg,689
mktg,691
mktg,705
mktg,710
mlsc,121
mlsc,122
mlsc,221
mlsc,222
mlsc,321
mlsc,322
mlsc,421
mlsc,422
mlsc,485
mlsc,489
mlsc,491
mmet,105
mmet,181
mmet,201
mmet,206
mmet,207
mmet,275
mmet,281
mmet,301
mmet,303
mmet,307
mmet,313
mmet,320
mmet,361
mmet,363
mmet,370
mmet,376
mmet,380
mmet,383
mmet,401
mmet,402
mmet,405
mmet,410
mmet,412
mmet,414
mmet,418
mmet,422
mmet,429
mmet,463
mmet,485
mmet,491
mmim,601
modl,221
modl,222
modl,285
modl,289
modl,485
modl,489
mped,800
mphy,601
mphy,603
mphy,612
mphy,613
mphy,614
mphy,615
mphy,616
mphy,617
mphy,618
mphy,619
mphy,620
mphy,621
mphy,622
mphy,623
mphy,624
mphy,625
mphy,631
mphy,632
mphy,633
mphy,634
mphy,635
mphy,681
mphy,685
mphy,689
mphy,691
mpim,601
mpim,602
mpim,607
mpim,620
mpim,663
mpim,665
mpim,685
mpim,689
mpsy,800
mrad,800
msci,601
msci,602
msci,603
msci,605
msci,607
msci,608
msci,609
msci,610
msci,611
msci,612
msci,620
msci,625
msci,630
msci,631
msci,632
msci,633
msci,634
msci,635
msci,636
msci,650
msci,681
msci,684
msci,685
msci,687
msci,689
msci,690
msci,691
msci,695
msen,201
msen,205
msen,210
msen,222
msen,250
msen,260
msen,281
msen,285
msen,289
msen,291
msen,301
msen,302
msen,305
msen,320
msen,325
msen,330
msen,360
msen,380
msen,399
msen,400
msen,401
msen,402
msen,410
msen,415
msen,418
msen,420
msen,426
msen,430
msen,440
msen,444
msen,446
msen,458
msen,470
msen,472
msen,484
msen,485
msen,489
msen,491
msen,601
msen,602
msen,603
msen,604
msen,605
msen,606
msen,607
msen,608
msen,610
msen,612
msen,613
msen,614
msen,616
msen,617
msen,618
msen,619
msen,620
msen,625
msen,626
msen,630
msen,634
msen,635
msen,636
msen,640
msen,641
msen,643
msen,644
msen,645
msen,646
msen,655
msen,657
msen,658
msen,659
msen,660
msen,666
msen,670
msen,681
msen,684
msen,685
msen,689
msen,691
mtde,252
mtde,285
mtde,289
mtde,291
mtde,313
mtde,333
mtde,380
mtde,381
mtde,409
mtde,430
mtde,432
mtde,440
mtde,441
mtde,442
mtde,443
mtde,446
mtde,450
mtde,451
mtde,480
mtde,485
mtde,489
mtde,491
mtde,609
mtde,611
mtde,612
mtde,613
mtde,621
mtde,630
mtde,632
mtde,633
mtde,651
mtde,652
mtde,660
mtde,661
mtde,662
mtde,663
mtde,664
mtde,665
mtde,666
mtde,667
mtde,668
mtde,669
mtde,670
musc,280
musc,282
musc,283
musc,290
musc,323
musc,479
must,221
mxet,300
mxet,375
mxet,400
mxet,485
mxet,491
naut,200
naut,300
naut,400
next,601
next,603
next,604
next,605
next,606
next,607
next,608
next,610
next,620
next,621
next,622
next,623
next,681
next,685
next,689
nrsc,101
nrsc,201
nrsc,277
nrsc,289
nrsc,401
nrsc,407
nrsc,428
nrsc,434
nrsc,444
nrsc,450
nrsc,485
nrsc,489
nrsc,491
nrsc,601
nrsc,602
nrsc,603
nrsc,604
nrsc,605
nrsc,606
nrsc,609
nrsc,611
nrsc,615
nrsc,616
nrsc,621
nrsc,633
nrsc,634
nrsc,635
nrsc,636
nrsc,640
nrsc,641
nrsc,642
nrsc,644
nrsc,649
nrsc,650
nrsc,655
nrsc,671
nrsc,681
nrsc,685
nrsc,689
nrsc,690
nrsc,691
nrsc,698
nuen,101
nuen,102
nuen,201
nuen,265
nuen,289
nuen,301
nuen,302
nuen,303
nuen,304
nuen,309
nuen,315
nuen,329
nuen,330
nuen,405
nuen,406
nuen,410
nuen,417
nuen,418
nuen,428
nuen,430
nuen,431
nuen,432
nuen,436
nuen,451
nuen,460
nuen,465
nuen,475
nuen,479
nuen,481
nuen,485
nuen,489
nuen,491
nuen,601
nuen,604
nuen,605
nuen,606
nuen,608
nuen,609
nuen,610
nuen,612
nuen,613
nuen,614
nuen,618
nuen,621
nuen,623
nuen,624
nuen,625
nuen,627
nuen,628
nuen,629
nuen,630
nuen,632
nuen,640
nuen,644
nuen,646
nuen,647
nuen,650
nuen,651
nuen,657
nuen,660
nuen,661
nuen,662
nuen,663
nuen,669
nuen,670
nuen,673
nuen,674
nuen,675
nuen,678
nuen,681
nuen,684
nuen,685
nuen,689
nuen,691
nurs,301
nurs,305
nurs,306
nurs,307
nurs,312
nurs,313
nurs,314
nurs,315
nurs,316
nurs,320
nurs,323
nurs,385
nurs,386
nurs,405
nurs,411
nurs,412
nurs,413
nurs,420
nurs,421
nurs,424
nurs,430
nurs,431
nurs,432
nurs,434
nurs,456
nurs,457
nurs,460
nurs,461
nurs,462
nurs,463
nurs,464
nurs,465
nurs,466
nurs,467
nurs,468
nurs,481
nurs,489
nurs,491
nurs,601
nurs,602
nurs,603
nurs,604
nurs,610
nurs,611
nurs,612
nurs,613
nurs,614
nurs,615
nurs,617
nurs,618
nurs,620
nurs,621
nurs,622
nurs,623
nurs,624
nurs,625
nurs,630
nurs,631
nurs,632
nurs,633
nurs,634
nurs,638
nurs,651
nurs,652
nurs,653
nurs,654
nurs,656
nurs,670
nurs,671
nurs,672
nurs,673
nurs,674
nurs,675
nurs,676
nurs,677
nurs,678
nurs,689
nurs,725
nurs,726
nurs,727
nurs,728
nurs,729
nurs,730
nurs,731
nurs,732
nurs,733
nurs,734
nurs,735
nurs,736
nurs,737
nurs,738
nurs,739
nutr,202
nutr,203
nutr,204
nutr,210
nutr,211
nutr,222
nutr,285
nutr,289
nutr,291
nutr,300
nutr,301
nutr,303
nutr,304
nutr,320
nutr,365
nutr,404
nutr,407
nutr,408
nutr,410
nutr,412
nutr,430
nutr,440
nutr,450
nutr,469
nutr,471
nutr,475
nutr,481
nutr,485
nutr,489
nutr,491
nutr,601
nutr,602
nutr,610
nutr,613
nutr,614
nutr,617
nutr,618
nutr,632
nutr,640
nutr,641
nutr,642
nutr,645
nutr,646
nutr,650
nutr,651
nutr,655
nutr,669
nutr,671
nutr,679
nutr,681
nutr,684
nutr,685
nutr,689
nutr,691
nvsc,101
nvsc,200
nvsc,205
nvsc,210
nvsc,301
nvsc,303
nvsc,320
nvsc,401
nvsc,402
nvsc,404
nvsc,410
nvsc,485
obgy,800
obio,601
obio,602
obio,603
obio,604
obio,605
obio,606
obio,607
obio,608
obio,610
obio,611
obio,612
obio,613
obio,621
obio,622
obio,630
obio,631
obio,632
obio,633
obio,634
obio,640
obio,641
obio,642
obio,643
obio,644
obio,645
obio,651
obio,652
obio,660
obio,661
obio,662
obio,670
obio,671
obio,672
obio,673
obio,674
obio,675
obio,676
obio,677
obio,678
obio,679
obio,687
obio,688
obio,689
obio,691
ocen,201
ocen,213
ocen,214
ocen,221
ocen,265
ocen,285
ocen,300
ocen,311
ocen,336
ocen,341
ocen,344
ocen,345
ocen,351
ocen,352
ocen,361
ocen,362
ocen,363
ocen,399
ocen,400
ocen,401
ocen,402
ocen,403
ocen,405
ocen,406
ocen,407
ocen,408
ocen,410
ocen,411
ocen,415
ocen,421
ocen,451
ocen,459
ocen,460
ocen,461
ocen,463
ocen,465
ocen,467
ocen,474
ocen,481
ocen,485
ocen,489
ocen,491
ocen,610
ocen,615
ocen,621
ocen,630
ocen,640
ocen,651
ocen,652
ocen,660
ocen,661
ocen,662
ocen,665
ocen,667
ocen,671
ocen,672
ocen,673
ocen,674
ocen,675
ocen,676
ocen,678
ocen,681
ocen,682
ocen,683
ocen,684
ocen,685
ocen,688
ocen,689
ocen,691
ocng,101
ocng,203
ocng,251
ocng,252
ocng,281
ocng,291
ocng,303
ocng,310
ocng,320
ocng,330
ocng,340
ocng,350
ocng,404
ocng,411
ocng,413
ocng,425
ocng,443
ocng,451
ocng,453
ocng,456
ocng,461
ocng,469
ocng,470
ocng,481
ocng,484
ocng,485
ocng,489
ocng,491
ocng,600
ocng,603
ocng,604
ocng,605
ocng,608
ocng,609
ocng,610
ocng,611
ocng,613
ocng,616
ocng,617
ocng,618
ocng,620
ocng,625
ocng,626
ocng,627
ocng,630
ocng,632
ocng,640
ocng,641
ocng,644
ocng,645
ocng,646
ocng,650
ocng,651
ocng,652
ocng,654
ocng,655
ocng,656
ocng,657
ocng,659
ocng,661
ocng,662
ocng,669
ocng,670
ocng,673
ocng,674
ocng,677
ocng,678
ocng,679
ocng,680
ocng,681
ocng,684
ocng,685
ocng,689
ocng,691
omfp,600
omfp,601
omfp,602
omfp,603
omfp,604
omfp,605
omfp,606
omfp,607
omfp,608
omfp,609
omfp,610
omfp,611
omfp,612
omfp,613
omfp,614
omfp,615
omfp,616
omfp,617
omfp,618
omfp,619
omfp,620
omfp,621
omfp,622
omfp,623
omfp,624
omfp,625
omfp,626
omfp,627
omfp,628
omfp,629
omfp,630
omfp,631
omfp,632
omfp,639
omfp,640
omfp,650
omfp,651
omfp,689
omfp,691
omfr,600
omfr,601
omfr,602
omfr,603
omfr,604
omfr,605
omfr,606
omfr,607
omfr,608
omfr,609
omfr,610
omfr,611
omfr,612
omfr,613
omfr,614
omfr,615
omfr,616
omfr,617
omfr,618
omfr,619
omfr,620
omfr,621
omfr,622
omfr,623
omfr,624
omfr,625
omfr,626
omfr,627
omfr,628
omfr,629
omfr,630
omfr,689
omfr,691
omfs,610
omfs,615
omfs,620
omfs,625
omfs,650
omfs,689
omfs,691
orth,600
orth,601
orth,602
orth,603
orth,604
orth,605
orth,606
orth,607
orth,608
orth,609
orth,610
orth,611
orth,612
orth,613
orth,614
orth,615
orth,616
orth,617
orth,618
orth,619
orth,620
orth,621
orth,622
orth,623
orth,624
orth,625
orth,626
orth,627
orth,628
orth,629
orth,630
orth,631
orth,632
orth,633
orth,634
orth,635
orth,636
orth,637
orth,638
orth,639
orth,640
orth,641
orth,642
orth,643
orth,644
orth,645
orth,646
orth,647
orth,648
orth,649
orth,650
orth,651
orth,652
orth,653
orth,654
orth,655
orth,656
orth,657
orth,658
orth,659
orth,660
orth,689
orth,691
pbsi,101
pbsi,105
pbsi,107
pbsi,206
pbsi,208
pbsi,209
pbsi,210
pbsi,225
pbsi,235
pbsi,245
pbsi,251
pbsi,285
pbsi,289
pbsi,291
pbsi,300
pbsi,301
pbsi,302
pbsi,303
pbsi,304
pbsi,305
pbsi,306
pbsi,307
pbsi,311
pbsi,315
pbsi,316
pbsi,319
pbsi,320
pbsi,323
pbsi,330
pbsi,332
pbsi,333
pbsi,336
pbsi,340
pbsi,345
pbsi,346
pbsi,350
pbsi,352
pbsi,353
pbsi,354
pbsi,360
pbsi,365
pbsi,371
pbsi,389
pbsi,407
pbsi,408
pbsi,411
pbsi,414
pbsi,421
pbsi,425
pbsi,432
pbsi,440
pbsi,445
pbsi,450
pbsi,470
pbsi,471
pbsi,475
pbsi,483
pbsi,484
pbsi,485
pbsi,489
pbsi,491
pbsi,603
pbsi,606
pbsi,607
pbsi,608
pbsi,609
pbsi,610
pbsi,611
pbsi,613
pbsi,614
pbsi,615
pbsi,616
pbsi,617
pbsi,618
pbsi,620
pbsi,621
pbsi,622
pbsi,623
pbsi,624
pbsi,626
pbsi,627
pbsi,629
pbsi,630
pbsi,631
pbsi,633
pbsi,635
pbsi,636
pbsi,637
pbsi,638
pbsi,639
pbsi,642
pbsi,649
pbsi,650
pbsi,651
pbsi,652
pbsi,653
pbsi,654
pbsi,655
pbsi,656
pbsi,657
pbsi,658
pbsi,659
pbsi,660
pbsi,670
pbsi,671
pbsi,673
pbsi,674
pbsi,675
pbsi,678
pbsi,680
pbsi,681
pbsi,682
pbsi,683
pbsi,684
pbsi,685
pbsi,689
pbsi,690
pbsi,691
pbsi,695
pbsi,696
pbsi,697
pedd,611
pedd,612
pedd,613
pedd,614
pedd,615
pedd,616
pedd,621
pedd,622
pedd,623
pedd,624
pedd,625
pedd,626
pedd,689
pedd,691
perf,101
perf,102
perf,103
perf,110
perf,156
perf,200
perf,201
perf,202
perf,203
perf,204
perf,205
perf,210
perf,211
perf,221
perf,222
perf,223
perf,224
perf,225
perf,226
perf,228
perf,235
perf,245
perf,281
perf,284
perf,285
perf,289
perf,291
perf,292
perf,300
perf,301
perf,303
perf,304
perf,308
perf,310
perf,311
perf,312
perf,316
perf,317
perf,318
perf,321
perf,322
perf,324
perf,325
perf,326
perf,327
perf,328
perf,333
perf,335
perf,338
perf,345
perf,381
perf,386
perf,399
perf,402
perf,407
perf,424
perf,446
perf,450
perf,451
perf,452
perf,453
perf,454
perf,455
perf,456
perf,457
perf,460
perf,461
perf,481
perf,482
perf,483
perf,484
perf,485
perf,489
perf,491
perf,492
perf,600
perf,601
perf,602
perf,603
perf,604
perf,605
perf,606
perf,607
perf,608
perf,610
perf,611
perf,613
perf,614
perf,615
perf,616
perf,620
perf,621
perf,622
perf,623
perf,624
perf,625
perf,626
perf,627
perf,645
perf,684
perf,685
perf,689
perf,691
peri,600
peri,601
peri,602
peri,603
peri,604
peri,605
peri,606
peri,607
peri,608
peri,609
peri,610
peri,611
peri,612
peri,613
peri,614
peri,615
peri,616
peri,617
peri,618
peri,619
peri,620
peri,621
peri,622
peri,623
peri,624
peri,625
peri,626
peri,627
peri,628
peri,629
peri,630
peri,631
peri,632
peri,633
peri,634
peri,635
peri,636
peri,637
peri,638
peri,639
peri,640
peri,641
peri,642
peri,643
peri,644
peri,645
peri,646
peri,647
peri,648
peri,649
peri,650
peri,651
peri,652
peri,653
peri,654
peri,655
peri,656
peri,657
peri,658
peri,659
peri,660
peri,661
peri,662
peri,663
peri,664
peri,665
peri,666
peri,667
peri,689
peri,691
pete,201
pete,219
pete,225
pete,285
pete,289
pete,291
pete,300
pete,301
pete,310
pete,311
pete,314
pete,315
pete,321
pete,323
pete,324
pete,325
pete,335
pete,336
pete,337
pete,353
pete,355
pete,401
pete,402
pete,404
pete,406
pete,408
pete,409
pete,410
pete,412
pete,413
pete,416
pete,418
pete,419
pete,426
pete,427
pete,435
pete,436
pete,437
pete,453
pete,485
pete,489
pete,491
pete,602
pete,603
pete,605
pete,606
pete,608
pete,609
pete,611
pete,612
pete,613
pete,614
pete,615
pete,616
pete,617
pete,618
pete,620
pete,621
pete,622
pete,623
pete,624
pete,625
pete,626
pete,627
pete,628
pete,629
pete,630
pete,633
pete,635
pete,636
pete,637
pete,638
pete,639
pete,640
pete,641
pete,642
pete,643
pete,644
pete,645
pete,647
pete,648
pete,649
pete,651
pete,652
pete,653
pete,655
pete,656
pete,657
pete,658
pete,659
pete,660
pete,661
pete,662
pete,663
pete,664
pete,665
pete,667
pete,678
pete,679
pete,680
pete,681
pete,684
pete,685
pete,686
pete,689
pete,691
pete,692
phar,600
phar,601
phar,602
phar,605
phar,606
phar,610
phar,611
phar,626
phar,627
phar,628
phar,641
phar,642
phar,656
phar,657
phar,658
phar,671
phar,672
phar,673
phar,681
phar,685
phar,689
phar,691
phar,700
phar,701
phar,702
phar,705
phar,706
phar,710
phar,711
phar,712
phar,713
phar,714
phar,715
phar,720
phar,721
phar,725
phar,726
phar,727
phar,730
phar,734
phar,741
phar,742
phar,745
phar,750
phar,753
phar,757
phar,758
phar,759
phar,761
phar,763
phar,764
phar,765
phar,766
phar,767
phar,771
phar,773
phar,774
phar,777
phar,778
phar,779
phar,781
phar,785
phar,789
phar,800
pheb,600
pheb,602
pheb,603
pheb,604
pheb,605
pheb,606
pheb,607
pheb,609
pheb,610
pheb,611
pheb,612
pheb,613
pheb,614
pheb,615
pheb,616
pheb,617
pheb,618
pheb,619
pheb,620
pheb,621
pheb,622
pheb,624
pheb,625
pheb,626
pheb,627
pheb,628
pheb,630
pheb,631
pheb,634
pheb,681
pheb,684
pheb,685
pheb,686
pheb,689
pheb,691
pheb,791
pheo,600
pheo,603
pheo,605
pheo,606
pheo,607
pheo,610
pheo,611
pheo,612
pheo,613
pheo,614
pheo,615
pheo,617
pheo,618
pheo,621
pheo,625
pheo,630
pheo,639
pheo,640
pheo,645
pheo,650
pheo,655
pheo,670
pheo,671
pheo,674
pheo,675
pheo,676
pheo,678
pheo,679
pheo,681
pheo,682
pheo,683
pheo,684
pheo,685
pheo,686
pheo,689
pheo,691
pheo,791
phil,107
phil,111
phil,202
phil,205
phil,208
phil,240
phil,251
phil,252
phil,282
phil,283
phil,285
phil,289
phil,291
phil,305
phil,307
phil,314
phil,315
phil,320
phil,330
phil,331
phil,332
phil,334
phil,336
phil,341
phil,342
phil,351
phil,352
phil,353
phil,361
phil,371
phil,375
phil,376
phil,381
phil,409
phil,410
phil,411
phil,412
phil,413
phil,414
phil,415
phil,416
phil,417
phil,418
phil,419
phil,424
phil,425
phil,451
phil,452
phil,464
phil,465
phil,470
phil,480
phil,482
phil,484
phil,485
phil,489
phil,491
phil,497
phil,611
phil,616
phil,620
phil,623
phil,624
phil,625
phil,630
phil,632
phil,641
phil,642
phil,643
phil,645
phil,646
phil,655
phil,658
phil,661
phil,662
phil,663
phil,664
phil,681
phil,682
phil,683
phil,684
phil,685
phil,689
phil,691
phlt,265
phlt,266
phlt,270
phlt,289
phlt,301
phlt,302
phlt,303
phlt,304
phlt,305
phlt,306
phlt,307
phlt,308
phlt,309
phlt,310
phlt,311
phlt,313
phlt,314
phlt,315
phlt,323
phlt,330
phlt,331
phlt,332
phlt,333
phlt,334
phlt,335
phlt,370
phlt,410
phlt,411
phlt,412
phlt,413
phlt,414
phlt,415
phlt,416
phlt,426
phlt,432
phlt,433
phlt,434
phlt,436
phlt,441
phlt,445
phlt,470
phlt,484
phlt,485
phlt,489
phlt,491
phlt,689
phpm,601
phpm,602
phpm,603
phpm,604
phpm,605
phpm,606
phpm,607
phpm,608
phpm,611
phpm,612
phpm,614
phpm,615
phpm,616
phpm,617
phpm,619
phpm,620
phpm,621
phpm,622
phpm,623
phpm,624
phpm,625
phpm,626
phpm,629
phpm,631
phpm,632
phpm,633
phpm,636
phpm,637
phpm,638
phpm,639
phpm,640
phpm,641
phpm,642
phpm,643
phpm,644
phpm,645
phpm,646
phpm,647
phpm,648
phpm,652
phpm,653
phpm,654
phpm,655
phpm,661
phpm,662
phpm,663
phpm,664
phpm,668
phpm,669
phpm,670
phpm,671
phpm,672
phpm,673
phpm,674
phpm,675
phpm,676
phpm,677
phpm,678
phpm,680
phpm,681
phpm,684
phpm,685
phpm,686
phpm,689
phpm,691
phpm,791
phsc,610
phsc,611
phsc,612
phsc,613
phsc,621
phsc,622
phsc,681
phsc,685
phsc,689
phsc,691
phys,101
phys,102
phys,104
phys,109
phys,119
phys,123
phys,125
phys,148
phys,150
phys,201
phys,202
phys,205
phys,206
phys,207
phys,216
phys,217
phys,221
phys,222
phys,225
phys,226
phys,227
phys,285
phys,289
phys,291
phys,302
phys,303
phys,304
phys,305
phys,309
phys,327
phys,328
phys,331
phys,332
phys,401
phys,408
phys,412
phys,414
phys,416
phys,418
phys,425
phys,426
phys,485
phys,489
phys,491
phys,601
phys,603
phys,606
phys,607
phys,611
phys,615
phys,616
phys,617
phys,619
phys,624
phys,625
phys,626
phys,627
phys,631
phys,632
phys,634
phys,638
phys,639
phys,641
phys,642
phys,643
phys,644
phys,645
phys,646
phys,647
phys,648
phys,649
phys,651
phys,652
phys,653
phys,654
phys,655
phys,661
phys,666
phys,671
phys,672
phys,674
phys,681
phys,684
phys,685
phys,689
phys,691
plan,604
plan,610
plan,612
plan,613
plan,622
plan,623
plan,624
plan,625
plan,626
plan,627
plan,629
plan,631
plan,632
plan,633
plan,634
plan,635
plan,640
plan,641
plan,642
plan,647
plan,649
plan,650
plan,656
plan,658
plan,661
plan,662
plan,664
plan,665
plan,667
plan,670
plan,673
plan,674
plan,676
plan,678
plan,681
plan,684
plan,685
plan,689
plan,691
plan,693
plpa,291
plpa,301
plpa,303
plpa,334
plpa,485
plpa,489
plpa,491
plpa,601
plpa,603
plpa,604
plpa,605
plpa,606
plpa,607
plpa,608
plpa,609
plpa,610
plpa,611
plpa,613
plpa,616
plpa,619
plpa,623
plpa,626
plpa,634
plpa,657
plpa,681
plpa,684
plpa,685
plpa,689
plpa,690
plpa,691
pols,200
pols,203
pols,206
pols,207
pols,209
pols,229
pols,231
pols,232
pols,233
pols,285
pols,289
pols,291
pols,302
pols,304
pols,306
pols,308
pols,309
pols,312
pols,313
pols,314
pols,315
pols,316
pols,317
pols,318
pols,319
pols,320
pols,322
pols,323
pols,324
pols,325
pols,326
pols,327
pols,328
pols,333
pols,335
pols,338
pols,340
pols,342
pols,347
pols,349
pols,350
pols,352
pols,353
pols,355
pols,357
pols,358
pols,359
pols,362
pols,364
pols,365
pols,366
pols,367
pols,368
pols,369
pols,375
pols,412
pols,413
pols,415
pols,420
pols,423
pols,424
pols,429
pols,432
pols,435
pols,439
pols,440
pols,447
pols,454
pols,455
pols,461
pols,462
pols,475
pols,481
pols,484
pols,485
pols,489
pols,491
pols,497
pols,601
pols,602
pols,603
pols,604
pols,606
pols,607
pols,611
pols,612
pols,613
pols,620
pols,621
pols,623
pols,624
pols,625
pols,626
pols,627
pols,628
pols,629
pols,630
pols,631
pols,632
pols,633
pols,634
pols,635
pols,640
pols,641
pols,642
pols,643
pols,644
pols,645
pols,646
pols,650
pols,654
pols,658
pols,659
pols,660
pols,661
pols,662
pols,670
pols,671
pols,672
pols,673
pols,674
pols,675
pols,681
pols,685
pols,689
pols,691
port,101
port,102
port,201
port,202
posc,201
posc,285
posc,289
posc,291
posc,302
posc,304
posc,308
posc,309
posc,313
posc,319
posc,326
posc,333
posc,381
posc,405
posc,406
posc,411
posc,412
posc,414
posc,427
posc,429
posc,444
posc,454
posc,481
posc,484
posc,485
posc,489
posc,491
posc,609
posc,611
posc,614
posc,615
posc,619
posc,625
posc,628
posc,629
posc,630
posc,634
posc,637
posc,645
posc,649
posc,650
posc,654
posc,660
posc,681
posc,684
posc,685
posc,689
posc,691
pros,600
pros,601
pros,602
pros,603
pros,604
pros,605
pros,606
pros,607
pros,608
pros,609
pros,610
pros,611
pros,612
pros,613
pros,614
pros,615
pros,616
pros,617
pros,618
pros,619
pros,620
pros,621
pros,622
pros,623
pros,624
pros,625
pros,626
pros,627
pros,628
pros,629
pros,630
pros,631
pros,632
pros,633
pros,634
pros,635
pros,636
pros,637
pros,638
pros,639
pros,640
pros,641
pros,642
pros,643
pros,644
pros,645
pros,646
pros,647
pros,648
pros,649
pros,650
pros,651
pros,652
pros,653
pros,654
pros,655
pros,656
pros,657
pros,658
pros,659
pros,689
pros,691
psaa,601
psaa,602
psaa,603
psaa,604
psaa,605
psaa,606
psaa,608
psaa,610
psaa,611
psaa,613
psaa,615
psaa,616
psaa,617
psaa,618
psaa,619
psaa,620
psaa,621
psaa,622
psaa,623
psaa,624
psaa,625
psaa,626
psaa,627
psaa,630
psaa,631
psaa,632
psaa,633
psaa,634
psaa,635
psaa,636
psaa,637
psaa,638
psaa,639
psaa,640
psaa,641
psaa,642
psaa,643
psaa,644
psaa,648
psaa,649
psaa,650
psaa,651
psaa,652
psaa,653
psaa,654
psaa,655
psaa,656
psaa,657
psaa,658
psaa,660
psaa,661
psaa,663
psaa,668
psaa,669
psaa,671
psaa,675
psaa,676
psaa,684
psaa,685
psaa,689
psaa,691
pvfa,240
pvfa,289
pvfa,291
pvfa,310
pvfa,485
pvfa,489
pvfa,491
pvfa,685
pvfa,689
rdng,291
rdng,351
rdng,371
rdng,372
rdng,373
rdng,460
rdng,465
rdng,467
rdng,468
rdng,470
rdng,472
rdng,473
rdng,490
rdng,491
rdng,602
rdng,603
rdng,604
rdng,605
rdng,609
rdng,610
rdng,612
rdng,613
rdng,616
rdng,620
rdng,630
rdng,634
rdng,635
rdng,689
rels,200
rels,201
rels,202
rels,209
rels,212
rels,220
rels,221
rels,222
rels,251
rels,257
rels,285
rels,289
rels,291
rels,304
rels,312
rels,317
rels,321
rels,326
rels,331
rels,340
rels,347
rels,356
rels,360
rels,365
rels,366
rels,367
rels,390
rels,392
rels,403
rels,418
rels,419
rels,420
rels,425
rels,436
rels,464
rels,465
rels,471
rels,474
rels,480
rels,481
rels,484
rels,485
rels,489
rels,491
renr,345
renr,653
renr,660
renr,662
renr,678
rpts,209
rpts,291
rpts,300
rpts,304
rpts,321
rpts,324
rpts,336
rpts,403
rpts,404
rpts,460
rpts,485
rpts,489
rpts,491
rpts,604
rpts,605
rpts,609
rpts,615
rpts,616
rpts,620
rpts,626
rpts,636
rpts,653
rpts,654
rpts,655
rpts,658
rpts,666
rpts,670
rpts,671
rpts,672
rpts,673
rpts,674
rpts,677
rpts,678
rpts,679
russ,101
russ,102
russ,201
russ,202
russ,211
russ,221
russ,222
russ,285
russ,289
russ,301
russ,302
russ,322
russ,410
russ,441
russ,442
russ,443
russ,444
russ,446
russ,447
russ,485
russ,489
russ,491
russ,692
rwfm,101
rwfm,102
rwfm,202
rwfm,291
rwfm,301
rwfm,302
rwfm,305
rwfm,306
rwfm,308
rwfm,309
rwfm,313
rwfm,314
rwfm,315
rwfm,316
rwfm,317
rwfm,318
rwfm,321
rwfm,322
rwfm,323
rwfm,325
rwfm,333
rwfm,336
rwfm,345
rwfm,349
rwfm,350
rwfm,351
rwfm,354
rwfm,370
rwfm,371
rwfm,375
rwfm,400
rwfm,401
rwfm,404
rwfm,405
rwfm,406
rwfm,407
rwfm,408
rwfm,409
rwfm,410
rwfm,411
rwfm,414
rwfm,415
rwfm,417
rwfm,418
rwfm,419
rwfm,420
rwfm,421
rwfm,422
rwfm,423
rwfm,424
rwfm,425
rwfm,427
rwfm,428
rwfm,434
rwfm,436
rwfm,440
rwfm,443
rwfm,444
rwfm,445
rwfm,446
rwfm,447
rwfm,449
rwfm,457
rwfm,461
rwfm,470
rwfm,480
rwfm,481
rwfm,484
rwfm,485
rwfm,489
rwfm,491
rwfm,605
rwfm,649
rwfm,651
rwfm,658
rwfm,659
rwfm,678
scmt,300
scmt,305
scmt,309
scmt,334
scmt,335
scmt,336
scmt,340
scmt,345
scmt,361
scmt,364
scmt,375
scmt,380
scmt,390
scmt,455
scmt,465
scmt,468
scmt,469
scmt,484
scmt,485
scmt,489
scmt,610
scmt,611
scmt,614
scmt,616
scmt,635
scmt,637
scmt,638
scmt,640
scmt,645
scmt,661
scmt,665
scmt,667
scmt,670
scmt,675
scmt,680
scmt,681
scmt,685
scmt,689
scmt,691
scmt,701
scmt,702
scmt,705
scsc,105
scsc,201
scsc,205
scsc,289
scsc,291
scsc,301
scsc,302
scsc,304
scsc,305
scsc,307
scsc,309
scsc,310
scsc,311
scsc,312
scsc,315
scsc,330
scsc,401
scsc,402
scsc,405
scsc,406
scsc,410
scsc,411
scsc,420
scsc,421
scsc,422
scsc,427
scsc,428
scsc,429
scsc,430
scsc,432
scsc,441
scsc,444
scsc,446
scsc,453
scsc,455
scsc,458
scsc,481
scsc,484
scsc,485
scsc,489
scsc,491
scsc,605
scsc,607
scsc,610
scsc,611
scsc,613
scsc,615
scsc,618
scsc,619
scsc,620
scsc,621
scsc,624
scsc,626
scsc,627
scsc,628
scsc,629
scsc,634
scsc,635
scsc,636
scsc,638
scsc,639
scsc,640
scsc,641
scsc,642
scsc,643
scsc,644
scsc,646
scsc,647
scsc,650
scsc,651
scsc,653
scsc,654
scsc,655
scsc,657
scsc,658
scsc,660
scsc,671
scsc,681
scsc,684
scsc,685
scsc,689
scsc,691
sefb,315
sefb,325
sefb,410
sefb,420
sefb,425
sefb,430
sefb,499
sefb,618
sefb,630
sefb,631
seng,309
seng,310
seng,312
seng,321
seng,422
seng,430
seng,455
seng,460
seng,477
seng,485
seng,489
seng,655
seng,660
seng,670
seng,674
seng,677
seng,680
seng,681
seng,684
seng,685
seng,689
seng,691
soci,203
soci,205
soci,206
soci,207
soci,208
soci,210
soci,211
soci,212
soci,213
soci,214
soci,217
soci,220
soci,229
soci,230
soci,240
soci,285
soci,289
soci,291
soci,304
soci,308
soci,310
soci,311
soci,312
soci,313
soci,315
soci,316
soci,317
soci,319
soci,320
soci,322
soci,323
soci,326
soci,328
soci,329
soci,330
soci,332
soci,335
soci,337
soci,338
soci,376
soci,377
soci,402
soci,403
soci,404
soci,408
soci,410
soci,411
soci,412
soci,413
soci,415
soci,419
soci,420
soci,421
soci,422
soci,423
soci,424
soci,425
soci,426
soci,430
soci,432
soci,445
soci,450
soci,463
soci,476
soci,478
soci,479
soci,484
soci,485
soci,489
soci,491
soci,600
soci,603
soci,604
soci,605
soci,607
soci,608
soci,610
soci,611
soci,615
soci,616
soci,617
soci,618
soci,619
soci,621
soci,622
soci,623
soci,624
soci,627
soci,628
soci,629
soci,631
soci,632
soci,633
soci,634
soci,635
soci,640
soci,642
soci,647
soci,650
soci,651
soci,657
soci,660
soci,661
soci,662
soci,663
soci,664
soci,666
soci,667
soci,676
soci,677
soci,680
soci,681
soci,682
soci,683
soci,685
soci,689
soci,691
soms,111
soms,180
soms,181
soms,280
soms,281
soms,289
soms,380
soms,381
soms,481
soms,482
soms,485
soms,486
soms,487
soms,489
span,101
span,102
span,112
span,201
span,202
span,203
span,208
span,218
span,221
span,222
span,285
span,289
span,301
span,302
span,303
span,304
span,305
span,306
span,307
span,311
span,312
span,318
span,320
span,331
span,332
span,341
span,342
span,350
span,352
span,403
span,407
span,409
span,410
span,411
span,412
span,413
span,414
span,417
span,421
span,423
span,445
span,450
span,452
span,460
span,461
span,462
span,483
span,484
span,485
span,489
span,491
sped,291
sped,302
sped,303
sped,310
sped,312
sped,314
sped,316
sped,321
sped,325
sped,326
sped,410
sped,411
sped,412
sped,414
sped,418
sped,442
sped,491
sped,601
sped,602
sped,603
sped,604
sped,605
sped,609
sped,610
sped,611
sped,612
sped,617
sped,618
sped,619
sped,620
sped,621
sped,624
sped,626
sped,628
sped,630
sped,632
sped,641
sped,642
sped,683
sped,684
sped,685
sped,689
sped,699
spmt,217
spmt,220
spmt,225
spmt,230
spmt,260
spmt,262
spmt,265
spmt,270
spmt,272
spmt,285
spmt,289
spmt,291
spmt,295
spmt,304
spmt,316
spmt,319
spmt,321
spmt,330
spmt,333
spmt,336
spmt,337
spmt,340
spmt,360
spmt,362
spmt,364
spmt,366
spmt,370
spmt,372
spmt,374
spmt,401
spmt,402
spmt,412
spmt,420
spmt,421
spmt,422
spmt,423
spmt,450
spmt,455
spmt,460
spmt,462
spmt,470
spmt,472
spmt,481
spmt,482
spmt,483
spmt,484
spmt,485
spmt,489
spmt,491
spmt,601
spmt,610
spmt,611
spmt,612
spmt,613
spmt,615
spmt,616
spmt,617
spmt,623
spmt,630
spmt,640
spmt,642
spmt,644
spmt,646
spmt,655
spmt,660
spmt,681
spmt,682
spmt,683
spmt,684
spmt,685
spmt,689
spmt,690
spmt,691
spsy,610
spsy,611
spsy,612
spsy,613
spsy,614
spsy,615
spsy,617
spsy,620
spsy,627
spsy,628
spsy,638
spsy,641
spsy,642
spsy,643
spsy,644
spsy,657
spsy,683
spsy,684
spsy,685
spsy,689
spsy,691
ssen,630
ssen,632
ssen,633
ssen,640
ssen,641
ssen,642
ssen,643
ssen,646
ssen,650
ssen,651
ssen,681
ssen,684
ssen,685
ssen,691
stat,182
stat,201
stat,211
stat,212
stat,301
stat,302
stat,303
stat,307
stat,312
stat,315
stat,335
stat,404
stat,406
stat,407
stat,408
stat,414
stat,415
stat,421
stat,424
stat,426
stat,436
stat,438
stat,445
stat,446
stat,459
stat,482
stat,483
stat,484
stat,485
stat,489
stat,491
stat,600
stat,601
stat,604
stat,605
stat,607
stat,608
stat,610
stat,611
stat,612
stat,613
stat,614
stat,615
stat,616
stat,618
stat,620
stat,621
stat,624
stat,626
stat,627
stat,630
stat,631
stat,632
stat,633
stat,636
stat,638
stat,639
stat,641
stat,642
stat,645
stat,646
stat,647
stat,648
stat,649
stat,650
stat,651
stat,652
stat,653
stat,654
stat,656
stat,657
stat,659
stat,660
stat,665
stat,667
stat,673
stat,674
stat,677
stat,681
stat,683
stat,684
stat,685
stat,689
stat,691
stat,692
stat,693
stat,695
surg,800
syen,640
syen,641
syen,642
syen,643
syen,644
syen,645
syen,684
syen,685
syen,691
syex,200
tamu,499
tamu,699
tamu,799
tcmg,285
tcmg,289
tcmg,291
tcmg,476
tcmg,484
tcmg,485
tcmg,489
tcmg,491
tcmt,610
tcmt,612
tcmt,613
tcmt,619
tcmt,623
tcmt,624
tcmt,630
tcmt,631
tcmt,634
tcmt,635
tcmt,636
tcmt,639
tcmt,641
tcmt,643
tcmt,689
teed,302
teed,425
teed,602
teed,649
teed,682
teed,684
tefb,273
tefb,322
tefb,324
tefb,371
tefb,401
tefb,404
tefb,406
tefb,407
tefb,410
tefb,412
tefb,413
tefb,426
tefb,429
tefb,499
ugst,181
ugst,182
ugst,211
ugst,285
ugst,311
ugst,405
ugst,484
ugst,485
ugst,491
ugst,492
ugst,497
urpn,201
urpn,202
urpn,203
urpn,210
urpn,220
urpn,240
urpn,291
urpn,302
urpn,310
urpn,320
urpn,325
urpn,326
urpn,330
urpn,331
urpn,340
urpn,360
urpn,361
urpn,369
urpn,370
urpn,371
urpn,401
urpn,409
urpn,420
urpn,440
urpn,450
urpn,451
urpn,460
urpn,467
urpn,469
urpn,470
urpn,471
urpn,481
urpn,483
urpn,484
urpn,485
urpn,489
urpn,491
urpn,493
urpn,494
ursc,601
ursc,602
ursc,631
ursc,632
ursc,641
ursc,642
ursc,645
ursc,681
ursc,682
ursc,685
ursc,689
ursc,691
vibs,101
vibs,102
vibs,111
vibs,201
vibs,204
vibs,210
vibs,211
vibs,222
vibs,243
vibs,277
vibs,285
vibs,289
vibs,305
vibs,310
vibs,311
vibs,343
vibs,401
vibs,407
vibs,408
vibs,411
vibs,413
vibs,420
vibs,422
vibs,424
vibs,426
vibs,443
vibs,445
vibs,447
vibs,450
vibs,456
vibs,485
vibs,489
vibs,601
vibs,602
vibs,603
vibs,604
vibs,606
vibs,607
vibs,608
vibs,609
vibs,610
vibs,611
vibs,612
vibs,613
vibs,615
vibs,616
vibs,617
vibs,622
vibs,624
vibs,626
vibs,627
vibs,630
vibs,633
vibs,636
vibs,640
vibs,641
vibs,642
vibs,650
vibs,655
vibs,657
vibs,658
vibs,660
vibs,663
vibs,664
vibs,665
vibs,676
vibs,681
vibs,684
vibs,685
vibs,688
vibs,689
vibs,690
vibs,691
vist,105
vist,106
vist,110
vist,131
vist,170
vist,172
vist,173
vist,201
vist,205
vist,206
vist,210
vist,216
vist,235
vist,270
vist,272
vist,275
vist,282
vist,283
vist,284
vist,289
vist,301
vist,305
vist,310
vist,311
vist,331
vist,339
vist,354
vist,357
vist,370
vist,372
vist,374
vist,375
vist,386
vist,401
vist,405
vist,406
vist,409
vist,432
vist,439
vist,441
vist,442
vist,465
vist,470
vist,472
vist,474
vist,476
vist,477
vist,480
vist,484
vist,485
vist,487
vist,489
vist,491
vist,494
viza,611
viza,612
viza,613
viza,614
viza,615
viza,616
viza,617
viza,618
viza,622
viza,623
viza,625
viza,626
viza,627
viza,629
viza,630
viza,631
viza,641
viza,643
viza,644
viza,647
viza,654
viza,656
viza,657
viza,658
viza,659
viza,662
viza,665
viza,670
viza,672
viza,673
viza,675
viza,676
viza,677
viza,679
viza,680
viza,681
viza,684
viza,685
viza,689
viza,691
viza,693
vlcs,422
vlcs,485
vlcs,601
vlcs,681
vlcs,685
vlcs,691
vmid,686
vmid,689
vpar,601
vpar,605
vpar,685
vpar,689
vpar,691
vpat,601
vpat,640
vpat,641
vpat,643
vpat,650
vpat,651
vpat,652
vpat,653
vpat,654
vpat,655
vpat,660
vpat,667
vpat,668
vpat,681
vpat,685
vpat,689
vpat,691
vscs,485
vscs,681
vscs,685
vscs,689
vscs,691
vscs,697
vscs,698
vtmi,610
vtmi,614
vtmi,615
vtmi,619
vtmi,621
vtmi,626
vtmi,629
vtmi,631
vtmi,636
vtmi,645
vtmi,647
vtmi,649
vtmi,650
vtmi,662
vtmi,663
vtmi,681
vtmi,685
vtmi,689
vtmi,691
vtpb,212
vtpb,221
vtpb,285
vtpb,289
vtpb,301
vtpb,303
vtpb,334
vtpb,405
vtpb,407
vtpb,408
vtpb,409
vtpb,410
vtpb,411
vtpb,415
vtpb,421
vtpb,438
vtpb,460
vtpb,485
vtpb,487
vtpb,489
vtpb,613
vtpp,123
vtpp,207
vtpp,208
vtpp,223
vtpp,224
vtpp,232
vtpp,233
vtpp,234
vtpp,235
vtpp,281
vtpp,285
vtpp,289
vtpp,291
vtpp,323
vtpp,401
vtpp,404
vtpp,420
vtpp,423
vtpp,424
vtpp,425
vtpp,427
vtpp,429
vtpp,434
vtpp,435
vtpp,438
vtpp,444
vtpp,452
vtpp,481
vtpp,485
vtpp,489
vtpp,491
vtpp,605
vtpp,606
vtpp,610
vtpp,612
vtpp,619
vtpp,623
vtpp,624
vtpp,625
vtpp,626
vtpp,627
vtpp,628
vtpp,630
vtpp,638
vtpp,645
vtpp,652
vtpp,654
vtpp,655
vtpp,657
vtpp,659
vtpp,670
vtpp,673
vtpp,676
vtpp,677
vtpp,681
vtpp,685
vtpp,689
vtpp,690
vtpp,691
wfsc,425
wfsc,618
wfsc,619
wfsc,623
wfsc,627
wfsc,628
wfsc,630
wfsc,636
wfsc,637
wfsc,638
wfsc,639
wfsc,641
wfsc,642
wfsc,644
wfsc,681
wfsc,684
wfsc,685
wfsc,689
wfsc,691
wgst,200
wgst,205
wgst,207
wgst,210
wgst,213
wgst,285
wgst,289
wgst,291
wgst,300
wgst,303
wgst,307
wgst,310
wgst,315
wgst,316
wgst,317
wgst,318
wgst,320
wgst,330
wgst,332
wgst,333
wgst,342
wgst,343
wgst,367
wgst,369
wgst,374
wgst,377
wgst,394
wgst,401
wgst,403
wgst,404
wgst,407
wgst,409
wgst,410
wgst,411
wgst,420
wgst,421
wgst,422
wgst,424
wgst,428
wgst,430
wgst,445
wgst,452
wgst,455
wgst,461
wgst,462
wgst,463
wgst,470
wgst,473
wgst,474
wgst,476
wgst,477
wgst,481
wgst,484
wgst,485
wgst,489
wgst,491
wgst,603
wgst,610
wgst,634
wgst,643
wgst,645
wgst,649
wgst,650
wgst,652
wgst,661
wgst,680
wgst,681
wgst,685
wgst,689
wgst,691
wgst,694
wmhs,601
wmhs,602
wmhs,640
wmhs,681
wmhs,684
wmhs,685
wmhs,689
wmhs,691
zool,289
zool,291
zool,489
zool,491
